-- phpMyAdmin SQL Dump
-- version 5.2.1
-- https://www.phpmyadmin.net/
--
-- Host: localhost:3306
-- Generation Time: Sep 15, 2023 at 05:30 PM
-- Server version: 5.7.43
-- PHP Version: 8.1.16

SET SQL_MODE = "NO_AUTO_VALUE_ON_ZERO";
START TRANSACTION;
SET time_zone = "+00:00";


/*!40101 SET @OLD_CHARACTER_SET_CLIENT=@@CHARACTER_SET_CLIENT */;
/*!40101 SET @OLD_CHARACTER_SET_RESULTS=@@CHARACTER_SET_RESULTS */;
/*!40101 SET @OLD_COLLATION_CONNECTION=@@COLLATION_CONNECTION */;
/*!40101 SET NAMES utf8mb4 */;

--
-- Database: `ekhaira2_demo`
--

-- --------------------------------------------------------

--
-- Table structure for table `account_payment`
--

CREATE TABLE `account_payment` (
  `acc_id` int(11) NOT NULL,
  `acc_date` date DEFAULT NULL,
  `acc_expired` date DEFAULT NULL,
  `acc_invoice` varchar(250) NOT NULL,
  `acc_title` varchar(250) NOT NULL,
  `acc_amaun` double(20,2) NOT NULL DEFAULT '0.00',
  `status` enum('Belum Selesai','Selesai') NOT NULL DEFAULT 'Belum Selesai',
  `createDtm` datetime DEFAULT NULL
) ENGINE=InnoDB DEFAULT CHARSET=latin1;

-- --------------------------------------------------------

--
-- Table structure for table `ci_sessions`
--

CREATE TABLE `ci_sessions` (
  `id` varchar(40) NOT NULL,
  `ip_address` varchar(45) NOT NULL,
  `timestamp` int(10) UNSIGNED NOT NULL DEFAULT '0',
  `data` blob NOT NULL
) ENGINE=MyISAM DEFAULT CHARSET=latin1;

--
-- Dumping data for table `ci_sessions`
--

INSERT INTO `ci_sessions` (`id`, `ip_address`, `timestamp`, `data`) VALUES
('055128c6d1f69cfa70f05ea032b1675472a969e3', '51.81.245.138', 1689073541, 0x5f5f63695f6c6173745f726567656e65726174657c693a313638393037333534313b74656d70557365727c733a33333a223137393933353331323636346164333738353533613662382e3836303631303830223b),
('683c961a18dba4f3bbd9b4d25bdbd9e8b73f9215', '34.133.2.115', 1689073618, 0x5f5f63695f6c6173745f726567656e65726174657c693a313638393037333631383b74656d70557365727c733a33323a2238343437343436383436346164333764323263326165352e3335333333363832223b),
('de1dcc436878f90ec3835d9b1cb02f3aa78d2341', '185.147.212.18', 1689073619, 0x5f5f63695f6c6173745f726567656e65726174657c693a313638393037333631393b74656d70557365727c733a33323a2239373736383737373736346164333764333164366538392e3034373531343138223b),
('0b3fe89c426373b1ced60a5d0c693289fe111140', '216.131.110.4', 1689073619, 0x5f5f63695f6c6173745f726567656e65726174657c693a313638393037333631393b74656d70557365727c733a33323a2233333133353136323936346164333764333633366330322e3437373737303633223b),
('6cba7ecac962b988256e40aa346b9fc76a2730f0', '164.90.241.135', 1689073619, 0x5f5f63695f6c6173745f726567656e65726174657c693a313638393037333631393b74656d70557365727c733a33333a223133393233373134363636346164333764333861616133362e3130363637383937223b),
('f3f33659319d700c5f2644787d3457641858d9b2', '218.208.200.225', 1689073620, 0x5f5f63695f6c6173745f726567656e65726174657c693a313638393037333632303b74656d70557365727c733a33323a2232353032303636373836346164333764343033383764332e3432383432383238223b),
('e5495978b366173db92b1251dd62d2f993a39ce9', '146.190.199.58', 1689073620, 0x5f5f63695f6c6173745f726567656e65726174657c693a313638393037333632303b74656d70557365727c733a33323a2237303133343735383736346164333764343461313538332e3534353530353130223b),
('db5a949811f1f4becf0c09e90b4004cf610205ce', '34.31.211.36', 1689073620, 0x5f5f63695f6c6173745f726567656e65726174657c693a313638393037333632303b74656d70557365727c733a33323a2233383736363732303236346164333764343464633638312e3233303536343834223b),
('1d8f005cafaf51cc88d6561f16c8483f81324bba', '179.43.169.181', 1689073666, 0x5f5f63695f6c6173745f726567656e65726174657c693a313638393037333636363b74656d70557365727c733a33333a223139343730333030323836346164333830323233636531312e3730313430343130223b),
('9ec6490e2967f1d0d9a7a77deac1af4069747a2a', '202.190.61.241', 1689074059, 0x5f5f63695f6c6173745f726567656e65726174657c693a313638393037343035393b74656d70557365727c733a33333a223133353736313837333536346164333833396333383762352e3539313033353538223b7573657249647c733a313a2230223b726f6c657c733a313a2231223b726f6c65546578747c733a31363a2250656e7461646269722053697374656d223b6e616d657c733a333a224d4349223b69734c6f67676564496e7c623a313b),
('212afa78691691f115d192247ea19ce8d0656218', '179.43.169.181', 1689073774, 0x5f5f63695f6c6173745f726567656e65726174657c693a313638393037333737343b74656d70557365727c733a33333a223230323531323437323436346164333836653936333233382e3030333132353435223b),
('4978cdc67073ad0546f51aeba0210c44a55f71ff', '202.190.61.241', 1689074855, 0x5f5f63695f6c6173745f726567656e65726174657c693a313638393037343835353b74656d70557365727c733a33323a2236363539303731383436346164336237393762363366312e3338323335343635223b7573657249647c733a313a2231223b726f6c657c733a313a2232223b726f6c65546578747c733a31303a2241686c69204269617361223b6e616d657c733a353a224861737961223b69734c6f67676564496e7c623a313b),
('0a110a696e8d934ee7ee23312d43ebafa1d04eae', '198.54.130.107', 1689074084, 0x5f5f63695f6c6173745f726567656e65726174657c693a313638393037343038343b74656d70557365727c733a33333a223130383831333735333136346164333961343962643366392e3437333138303736223b),
('12804fb8e0312dab13cd0c412ec186f7263bf62f', '202.190.61.241', 1689074461, 0x5f5f63695f6c6173745f726567656e65726174657c693a313638393037343436313b737563636573735f72656769737465727c733a3131313a2250656e646166746172616e2074656c6168206469746572696d612e203c62723e506968616b2070656e74616462697220616b616e206d656d627561742073656d616b616e2064616e2070656e6765736168616e2e203c62723e53696c612073656d616b20656d61696c20616e64612e223b5f5f63695f766172737c613a323a7b733a31363a22737563636573735f7265676973746572223b733a333a226e6577223b733a31303a22656d61696c5f73656e74223b733a333a226e6577223b7d656d61696c5f73656e747c733a32343a22456d61696c2073656e74207375636365737366756c6c792e223b),
('605b6bfe638248838148e2d8e9e67f821fcbda35', '93.119.227.91', 1689075670, 0x5f5f63695f6c6173745f726567656e65726174657c693a313638393037353637303b74656d70557365727c733a33323a2236323430343335393936346164336664363062616263312e3135343935373932223b),
('1e78dc8e4efe3c12c5b9d37f5fcb20bca0902aa3', '202.190.61.241', 1689074872, 0x5f5f63695f6c6173745f726567656e65726174657c693a313638393037343837323b74656d70557365727c733a33323a2232303830353035393936346164336362383734396134312e3733333732353137223b),
('0b96f8b39d8f06f001c2c3d5d3d259d9900618eb', '93.119.227.91', 1689075671, 0x5f5f63695f6c6173745f726567656e65726174657c693a313638393037353637313b74656d70557365727c733a33333a223132353335373230333736346164336664376139626339392e3336383131303738223b),
('5a70f751f853994f8a0c7c60366318ccddc8ab93', '149.154.161.213', 1689075701, 0x5f5f63695f6c6173745f726567656e65726174657c693a313638393037353730313b74656d70557365727c733a33333a223230333832383130313536346164336666356138666233382e3239343133313730223b),
('1277ef65e19e2e0f2a634edb0ba80039d35b8189', '69.4.87.74', 1689075741, 0x5f5f63695f6c6173745f726567656e65726174657c693a313638393037353734313b74656d70557365727c733a33333a223137363831303531393436346164343031646433626664362e3436373334303432223b),
('4715ff313c66ea99946e0291d96e2de824f1f308', '69.4.87.74', 1689075743, 0x5f5f63695f6c6173745f726567656e65726174657c693a313638393037353734333b74656d70557365727c733a33323a2235383038383331333036346164343031666333373864382e3637373937363435223b),
('88477098fb49092749e210685ca42a95fbff272e', '183.171.77.226', 1689075799, 0x5f5f63695f6c6173745f726567656e65726174657c693a313638393037353739393b74656d70557365727c733a33333a223139353730353234393636346164343035373838323936342e3935383735303538223b),
('14aa465dc5fc9514777db4322269fe741a4771ac', '183.171.94.166', 1689075812, 0x5f5f63695f6c6173745f726567656e65726174657c693a313638393037353830363b74656d70557365727c733a33333a223134323834353639333136346164343035653130626365312e3534313334333734223b),
('053772b44b620af90ed9ca30aa7ed0262a4183d1', '65.154.226.166', 1689077082, 0x5f5f63695f6c6173745f726567656e65726174657c693a313638393037373038323b74656d70557365727c733a33323a2235383730393937343036346164343535613866353838382e3037333234363431223b),
('8987127e095ed42d7b837a34fabf87c440ee19c9', '183.171.170.18', 1689077713, 0x5f5f63695f6c6173745f726567656e65726174657c693a313638393037373731333b74656d70557365727c733a33333a223134383539343630323836346164343764316130333761392e3739393235393836223b),
('0b9df636ddca71e4078300b1f26ef04fa47f5324', '60.48.168.184', 1689078025, 0x5f5f63695f6c6173745f726567656e65726174657c693a313638393037383031353b74656d70557365727c733a33333a223130333233333832333436346164343866663736326263322e3233393531393535223b),
('0a7e09b3b8e20a6e3dcb248f5962901ed7a64872', '60.48.168.184', 1689078015, 0x5f5f63695f6c6173745f726567656e65726174657c693a313638393037383031353b74656d70557365727c733a33323a2236303239323236303236346164343866666138313736372e3437343935393336223b),
('41a071bbad080d4453fd8f25ad06afa1067b156e', '51.81.167.146', 1689078055, 0x5f5f63695f6c6173745f726567656e65726174657c693a313638393037383035353b74656d70557365727c733a33323a2237313333313637363936346164343932373163393931362e3835343439353135223b),
('4560b92c30e2d7b59e5ef1b125c1134b9db07f91', '183.171.170.103', 1689089627, 0x5f5f63695f6c6173745f726567656e65726174657c693a313638393038393631323b74656d70557365727c733a33323a2238313032343237313836346164373634636238653238312e3639353936313832223b),
('a391c7a7931f3c2ed0523740d3b9db1ad402f4d0', '113.211.208.236', 1689093323, 0x5f5f63695f6c6173745f726567656e65726174657c693a313638393039333332333b74656d70557365727c733a33333a223130353638383139303936346164383338353865333136322e3532353537343235223b7573657249647c733a313a2230223b726f6c657c733a313a2231223b726f6c65546578747c733a31363a2250656e7461646269722053697374656d223b6e616d657c733a333a224d4349223b6c6173744c6f67696e7c733a31393a22323032332d30372d31322030303a32353a3030223b69734c6f67676564496e7c623a313b6d6573736167657c733a32313a22557064617465205265636f72642053756363657373223b5f5f63695f766172737c613a313a7b733a373a226d657373616765223b733a333a226f6c64223b7d),
('3316886b4a2bb8e07243760c3edcbef60cf72b48', '113.211.208.236', 1689093412, 0x5f5f63695f6c6173745f726567656e65726174657c693a313638393039333431323b74656d70557365727c733a33323a2235373335333036323936346164383366333961366337322e3036323838323538223b),
('bd4b1cb046a0f92ad30c41fe95d21f58c4763c9a', '113.211.208.236', 1689094164, 0x5f5f63695f6c6173745f726567656e65726174657c693a313638393039343136343b74656d70557365727c733a33333a223130353638383139303936346164383338353865333136322e3532353537343235223b7573657249647c733a313a2230223b726f6c657c733a313a2231223b726f6c65546578747c733a31363a2250656e7461646269722053697374656d223b6e616d657c733a333a224d4349223b6c6173744c6f67696e7c733a31393a22323032332d30372d31322030303a32353a3030223b69734c6f67676564496e7c623a313b),
('27e03579627e81d972071c805dca54442c287ac6', '47.254.85.182', 1689117356, 0x5f5f63695f6c6173745f726567656e65726174657c693a313638393131373335363b74656d70557365727c733a33323a2235303635313130313436346164653261633739333031392e3634373235393936223b),
('5691549fc68994bd96ee9ad6c3870511529ecff7', '113.211.208.236', 1689094568, 0x5f5f63695f6c6173745f726567656e65726174657c693a313638393039343536383b74656d70557365727c733a33323a2235373335333036323936346164383366333961366337322e3036323838323538223b),
('7e54ad195d17a5fe96b85444890c30ff42d4cc94', '113.211.208.236', 1689094617, 0x5f5f63695f6c6173745f726567656e65726174657c693a313638393039343334383b74656d70557365727c733a33323a2237343236393835303836346164383863636338646336332e3435323034323634223b),
('3f1395185c0e59d34f5a1b1fde66e67f63464cc7', '113.211.208.236', 1689094576, 0x5f5f63695f6c6173745f726567656e65726174657c693a313638393039343536383b74656d70557365727c733a33323a2235373335333036323936346164383366333961366337322e3036323838323538223b),
('559e4206319c60409c9fec71c43a111367a5aa23', '47.254.85.182', 1689117360, 0x5f5f63695f6c6173745f726567656e65726174657c693a313638393131373336303b74656d70557365727c733a33323a2235323731363131353136346164653262303930373433382e3235393733343131223b),
('21e6c11c8d30ae3f28b02aa72937e83de05b9737', '188.166.232.158', 1689122042, 0x5f5f63695f6c6173745f726567656e65726174657c693a313638393132323034323b74656d70557365727c733a33333a223131333731323432373436346164663466613437343537382e3539373037393533223b),
('d143b6c3517ea55c147a5d777d9a86f93440560f', '176.53.220.69', 1689125019, 0x5f5f63695f6c6173745f726567656e65726174657c693a313638393132353031393b74656d70557365727c733a33323a2235363936333435303136346165303039626136613034332e3232383233393331223b),
('729ea621b7bafc792400eb819dfa1ba32a3ae62d', '162.142.125.216', 1689125116, 0x5f5f63695f6c6173745f726567656e65726174657c693a313638393132353131363b74656d70557365727c733a33323a2231323035343631323036346165303066633430353234352e3936383132303434223b),
('9009b4b6ad44fc0d206a1d61434accf098bdb3e9', '176.53.220.112', 1689126547, 0x5f5f63695f6c6173745f726567656e65726174657c693a313638393132363534373b74656d70557365727c733a33333a223130383734333635343836346165303639336537656163392e3038303333303334223b),
('82dc9ec420f19269005047dcc0a913499560dc0a', '167.248.133.190', 1689132419, 0x5f5f63695f6c6173745f726567656e65726174657c693a313638393133323431393b74656d70557365727c733a33323a2233333435363136323436346165316438333065363737352e3538383031323236223b),
('4e1295a9eed901e9ad3203064b80960773cb0217', '167.248.133.52', 1689144779, 0x5f5f63695f6c6173745f726567656e65726174657c693a313638393134343737393b74656d70557365727c733a33323a2234313339313935313936346165346463626231313033312e3832353837343337223b),
('14abf7e8cbcd8bb934d51018224bd2084f978d25', '167.248.133.184', 1689147139, 0x5f5f63695f6c6173745f726567656e65726174657c693a313638393134373133393b74656d70557365727c733a33323a2235383533343730303736346165353730333534356465312e3334373231343432223b),
('03b763c1e34acc7e72c83c1c2e45f3d2f772616c', '87.236.176.62', 1689160570, 0x5f5f63695f6c6173745f726567656e65726174657c693a313638393136303537303b74656d70557365727c733a33333a223139363831393532343336346165386237616164623437302e3436343434353933223b),
('7584ea1ac052a00eabfe58b816bc2395b7d5cfb0', '87.236.176.80', 1689184945, 0x5f5f63695f6c6173745f726567656e65726174657c693a313638393138343934353b74656d70557365727c733a33323a2239383433373632373636346165656162316430336532392e3835303439353437223b),
('b8d4081420500114c33a7a170f37c82d11d60718', '87.236.176.134', 1689185022, 0x5f5f63695f6c6173745f726567656e65726174657c693a313638393138353032323b74656d70557365727c733a33323a2232383034363436333436346165656166653939303464312e3330373930393434223b),
('168930934e7794b7d6b804c14e8d5ff6c8921703', '87.236.176.240', 1689195353, 0x5f5f63695f6c6173745f726567656e65726174657c693a313638393139353335323b74656d70557365727c733a33333a223131373538303031373436346166313335386633633766392e3230383631303130223b),
('4a8d679dd88627357032cb20bc307a556100ba42', '87.236.176.234', 1689196026, 0x5f5f63695f6c6173745f726567656e65726174657c693a313638393139363032363b74656d70557365727c733a33333a223132373631313438323936346166313566613535386237332e3936373131303436223b),
('bd09c928265fcda646be80a0af9641e842b4b45d', '87.236.176.44', 1689201709, 0x5f5f63695f6c6173745f726567656e65726174657c693a313638393230313730393b74656d70557365727c733a33333a223135303639313339393636346166326332643436646539342e3831383538343338223b),
('4f41a10a4d8ee863abf6ecd97e500bd0fd1e5668', '183.129.153.157', 1689203224, 0x5f5f63695f6c6173745f726567656e65726174657c693a313638393230333232343b74656d70557365727c733a33323a2234303437363238343036346166333231383533383739342e3031353231363737223b),
('a9ee44ddaeebe4570f9e5da7346dce2328003ec4', '183.129.153.157', 1689203719, 0x5f5f63695f6c6173745f726567656e65726174657c693a313638393230333731393b74656d70557365727c733a33323a2236303439333036373336346166333430376433616464372e3035323533333639223b),
('a7c3cd00507fe0cfe7d4c06f75e294d212bb7349', '89.104.101.98', 1689205535, 0x5f5f63695f6c6173745f726567656e65726174657c693a313638393230353533353b74656d70557365727c733a33333a223132313938313434373336346166336231663531653833382e3132373733313839223b),
('179cf537823248d1b9504dcaba5518bd59cd63fd', '87.236.176.70', 1689206832, 0x5f5f63695f6c6173745f726567656e65726174657c693a313638393230363833323b74656d70557365727c733a33333a223132363539323839353736346166343033306437386438382e3731323633323239223b),
('02e4161d930f5ee1db9e17fff4460d0e003a1dd0', '89.104.101.146', 1689207100, 0x5f5f63695f6c6173745f726567656e65726174657c693a313638393230373130303b74656d70557365727c733a33323a2239303138303630313836346166343133633961333839332e3032333637303231223b),
('f3d622bb3a11551e9614fe16e1c55a6b625d69e3', '162.19.25.94', 1689209575, 0x5f5f63695f6c6173745f726567656e65726174657c693a313638393230393537353b74656d70557365727c733a33323a2238353730313034323636346166346165373131623965362e3835363037373831223b),
('4809c5f41efc7369ebc9c8eb76b3f6a5e57a30ea', '162.19.25.94', 1689209641, 0x5f5f63695f6c6173745f726567656e65726174657c693a313638393230393634313b74656d70557365727c733a33333a223230383833353537373836346166346232396633313230372e3831313236323333223b),
('6230418d41bc25e46e8c0cdba763c9e2be8eca15', '162.19.25.94', 1689209682, 0x5f5f63695f6c6173745f726567656e65726174657c693a313638393230393638323b74656d70557365727c733a33323a2239323631323935393136346166346235323664643939342e3739373438313535223b),
('e42443cd139807a3f44885fbc461e1555727c47e', '156.146.63.158', 1689210252, 0x5f5f63695f6c6173745f726567656e65726174657c693a313638393231303235323b74656d70557365727c733a33323a2235333834313334383836346166346438633464356132322e3833333936383033223b),
('351f7fe26751a8a944a315e8cd20b113c9251e0f', '89.187.168.83', 1689210252, 0x5f5f63695f6c6173745f726567656e65726174657c693a313638393231303235323b74656d70557365727c733a33333a223138363131353639363536346166346438633736386438332e3532383832313939223b),
('902c33cb8d5b8bff2b520f960aa61077e2517423', '164.90.241.135', 1689210252, 0x5f5f63695f6c6173745f726567656e65726174657c693a313638393231303235323b74656d70557365727c733a33323a2234303739373030353536346166346438636333316538322e3137353631333730223b),
('21c54c514206865a61b8777be3dd6e6e50b395d6', '102.129.152.66', 1689210253, 0x5f5f63695f6c6173745f726567656e65726174657c693a313638393231303235333b74656d70557365727c733a33333a223136383438313430363636346166346438643233356334352e3637393135333330223b),
('36e31330913dfe2ac91e6c424f1575897f8e32f2', '218.208.200.225', 1689210253, 0x5f5f63695f6c6173745f726567656e65726174657c693a313638393231303235333b74656d70557365727c733a33323a2231343437343032383636346166346438643663613435362e3832353238303539223b),
('a376e1a3d3e9f46de489a7f1b654a9ece4a89c43', '146.59.87.207', 1689210638, 0x5f5f63695f6c6173745f726567656e65726174657c693a313638393231303633383b74656d70557365727c733a33333a223230373234343731313436346166346630656135313065332e3531313238383231223b),
('128824c076d63e1cb7b6356cf00832e1ea04858d', '146.59.87.207', 1689210648, 0x5f5f63695f6c6173745f726567656e65726174657c693a313638393231303634383b74656d70557365727c733a33333a223133383739373333393336346166346631383739623030362e3435333435343531223b),
('b42c0cf37ad2a6c508943cb56d9364fa32db05e6', '146.59.87.207', 1689210653, 0x5f5f63695f6c6173745f726567656e65726174657c693a313638393231303635333b74656d70557365727c733a33333a223230323537393133393836346166346631643334366136372e3132393031313533223b),
('663b833f6c30cc7b885eb70918c4ad9058b2a56f', '146.59.87.207', 1689222595, 0x5f5f63695f6c6173745f726567656e65726174657c693a313638393232323539353b74656d70557365727c733a33333a223133353730353235323136346166376463333066356464302e3536373433353731223b),
('7fb4b3634091632428d2ada0222c58aa811c9e56', '146.59.87.207', 1689222649, 0x5f5f63695f6c6173745f726567656e65726174657c693a313638393232323634393b74656d70557365727c733a33323a2239313135373033393236346166376466393638343761342e3838343939383837223b),
('8ba3614c645cecc733f708c7c0bf5a7ed4c9f76b', '146.59.87.207', 1689222652, 0x5f5f63695f6c6173745f726567656e65726174657c693a313638393232323635323b74656d70557365727c733a33333a223139393734343436313736346166376466636130633735392e3630373930313434223b),
('20fddaee23c7c0fdb7d10fcfaf922c5cb8838699', '193.105.73.213', 1689222888, 0x5f5f63695f6c6173745f726567656e65726174657c693a313638393232323838383b74656d70557365727c733a33333a223230363737353332333636346166376565386533343035312e3030303934383136223b),
('b5f8836c6e85ceae228b8e6dc564fc0ada22b3c2', '37.252.185.196', 1689222889, 0x5f5f63695f6c6173745f726567656e65726174657c693a313638393232323838393b74656d70557365727c733a33333a223136373337333834393636346166376565393237656632302e3532353034343035223b),
('27233392ba7514fa1aeae395052cc808d36afa8c', '161.35.246.138', 1689222889, 0x5f5f63695f6c6173745f726567656e65726174657c693a313638393232323838393b74656d70557365727c733a33333a223136343132323138393036346166376565393638393162322e3734343130383734223b),
('dd625b4086ed4d5c3f5ba437ff11b18b2af37b12', '218.208.200.225', 1689222889, 0x5f5f63695f6c6173745f726567656e65726174657c693a313638393232323838393b74656d70557365727c733a33323a2231313636383835373836346166376565396435313238312e3334313230333834223b),
('d2204714fcfa4e1942b86ab1ac9d75a8445214e5', '173.245.202.200', 1689222889, 0x5f5f63695f6c6173745f726567656e65726174657c693a313638393232323838393b74656d70557365727c733a33333a223135313537313937363836346166376565396533313131312e3032363239323531223b),
('b3c40b3ab90bd457259a1308c096f8848e94a105', '35.178.85.244', 1689222909, 0x5f5f63695f6c6173745f726567656e65726174657c693a313638393232323930393b74656d70557365727c733a33333a223139333739313438373236346166376566646564333939382e3139393238313834223b),
('5b331d4d868a17efe16842a6418678163533a8f4', '173.245.202.200', 1689222910, 0x5f5f63695f6c6173745f726567656e65726174657c693a313638393232323931303b74656d70557365727c733a33333a223136333935323637363236346166376566656338363033362e3837303531313837223b),
('30eeeafa60646f395cc98d8f6500419a483549fa', '35.178.85.244', 1689222947, 0x5f5f63695f6c6173745f726567656e65726174657c693a313638393232323931393b6572726f727c733a33353a224e6f204b61642050656e67656e616c616e20402050617373776f72642053616c616821223b5f5f63695f766172737c613a313a7b733a353a226572726f72223b733a333a226f6c64223b7d),
('84932c580515f161ab3564b37dceea101b01947a', '193.105.73.213', 1689222955, 0x5f5f63695f6c6173745f726567656e65726174657c693a313638393232323935353b74656d70557365727c733a33323a2236383238333837313236346166376632626536376338342e3833343430363237223b),
('8847ab77ad66f03d12b336c67d1c6cf59c9eb630', '193.105.73.213', 1689223000, 0x5f5f63695f6c6173745f726567656e65726174657c693a313638393232323936353b6572726f727c733a33353a224e6f204b61642050656e67656e616c616e20402050617373776f72642053616c616821223b5f5f63695f766172737c613a313a7b733a353a226572726f72223b733a333a226f6c64223b7d),
('78c97634f8d89db9e0e6877caf0e24d22c268c6b', '165.231.253.248', 1689222967, 0x5f5f63695f6c6173745f726567656e65726174657c693a313638393232323936373b74656d70557365727c733a33323a2232303630353733363836346166376633373137636462382e3134313638333737223b),
('257497cb5521cc5f86fe10a901fc4718a0d54b78', '103.175.51.133', 1689222967, 0x5f5f63695f6c6173745f726567656e65726174657c693a313638393232323936373b74656d70557365727c733a33323a2236303636393035333336346166376633373239316363342e3133353135353035223b),
('ef94dc2b94551a84d50c7941a1714b4228986da8', '82.135.80.90', 1689222967, 0x5f5f63695f6c6173745f726567656e65726174657c693a313638393232323936373b74656d70557365727c733a33333a223138353835383033343836346166376633373265313036312e3130343139323738223b),
('71c21803c9d915623a35ad0de6f9da6cb39c9396', '165.231.253.248', 1689222967, 0x5f5f63695f6c6173745f726567656e65726174657c693a313638393232323936373b74656d70557365727c733a33323a2237303039353733353936346166376633373566343464332e3532313633333637223b),
('b9f95cb61e5d90848d27ac840e63d1d2791c5c87', '185.108.105.165', 1689222967, 0x5f5f63695f6c6173745f726567656e65726174657c693a313638393232323936373b74656d70557365727c733a33333a223130313536373236383436346166376633373638393931362e3632313234303032223b),
('1d8e5d4d31ffcfbf00add9010b868f1ce9d6a48e', '94.16.116.81', 1689222967, 0x5f5f63695f6c6173745f726567656e65726174657c693a313638393232323936373b74656d70557365727c733a33333a223132353334363738393236346166376633376130646535322e3433333736363034223b),
('e5826845cd1c4cce1f0a09266ceb3e31def16c08', '103.175.51.133', 1689222967, 0x5f5f63695f6c6173745f726567656e65726174657c693a313638393232323936373b74656d70557365727c733a33333a223136343430373239333936346166376633376462653263392e3334393933333832223b),
('9442947ba921f407bea71f526c2c28520778e473', '82.135.80.90', 1689222967, 0x5f5f63695f6c6173745f726567656e65726174657c693a313638393232323936373b74656d70557365727c733a33333a223137303333383031353436346166376633376534313633322e3336363632373333223b),
('6878e1bea11c7c563f238bad2e6afd0b95a1ded4', '185.108.105.165', 1689222968, 0x5f5f63695f6c6173745f726567656e65726174657c693a313638393232323936383b74656d70557365727c733a33333a223135363535393032313736346166376633383261316662332e3030383735393032223b),
('d631e3dc71d04621dadb4980c0edba36397e5491', '94.16.116.81', 1689222968, 0x5f5f63695f6c6173745f726567656e65726174657c693a313638393232323936383b74656d70557365727c733a33333a223137343530313738343836346166376633383766383035322e3137383235363637223b),
('43e19291da20090d21c0bede7557e2725bee117a', '173.245.202.200', 1689223014, 0x5f5f63695f6c6173745f726567656e65726174657c693a313638393232333031343b74656d70557365727c733a33333a223230303135383835313336346166376636363530376464362e3339303235373438223b),
('c9cc3e6d1fc54841005121950fa073947f729c60', '173.245.202.200', 1689223054, 0x5f5f63695f6c6173745f726567656e65726174657c693a313638393232333032353b6572726f727c733a33353a224e6f204b61642050656e67656e616c616e20402050617373776f72642053616c616821223b5f5f63695f766172737c613a313a7b733a353a226572726f72223b733a333a226f6c64223b7d),
('b64369ea1c6bc2c5af5fec41ce702d9a8c0ead30', '103.175.51.133', 1689223105, 0x5f5f63695f6c6173745f726567656e65726174657c693a313638393232333130353b),
('5d2d9939fd8ecdb3341dd873457bfe5a475f0229', '128.90.147.210', 1689223106, 0x5f5f63695f6c6173745f726567656e65726174657c693a313638393232333130363b),
('bd0358462876d8089dbac3ac13a4b82dedbb81f8', '87.89.48.69', 1689223106, 0x5f5f63695f6c6173745f726567656e65726174657c693a313638393232333130363b),
('324e308f90729f343d0950b1606d1e323e8bda12', '109.70.100.68', 1689223106, 0x5f5f63695f6c6173745f726567656e65726174657c693a313638393232333130363b),
('0799796b92a4493199eb407a0873c3f5fbbdab71', '94.46.220.95', 1689223107, 0x5f5f63695f6c6173745f726567656e65726174657c693a313638393232333130373b),
('a436546b0a1199e4f2f8ee25a9ac97d0ffaba6bd', '51.79.160.196', 1689229982, 0x5f5f63695f6c6173745f726567656e65726174657c693a313638393232393938323b74656d70557365727c733a33333a223134383336393439393036346166396139653136636461312e3637333434303331223b),
('e8e9e7aa92be544ae5aea0581202b5b7bf41f1d0', '51.79.160.196', 1689230152, 0x5f5f63695f6c6173745f726567656e65726174657c693a313638393233303135323b74656d70557365727c733a33323a2233363636303230303836346166396234386436626538342e3930393830343939223b),
('e94b0d2b2db230e4d92ea9ff48b9162992260ed7', '51.79.160.196', 1689230160, 0x5f5f63695f6c6173745f726567656e65726174657c693a313638393233303136303b74656d70557365727c733a33333a223230363239333133353236346166396235306531613762372e3339323436393737223b),
('37e0477f9f4bf9926659b09bbcf86ef8fd2257ca', '35.93.22.90', 1689237457, 0x5f5f63695f6c6173745f726567656e65726174657c693a313638393233373435373b74656d70557365727c733a33323a2235383837383738373936346166623764313335366636332e3334393732373539223b),
('46eff581cd2bd6790d81d34f4745bb60cd7bfd31', '87.236.176.156', 1689239357, 0x5f5f63695f6c6173745f726567656e65726174657c693a313638393233393335373b74656d70557365727c733a33323a2234383737363537373036346166626633643330303436392e3934383238313739223b),
('4f31b465936d15735ea8b4e401169587b8448583', '34.76.158.233', 1689243396, 0x5f5f63695f6c6173745f726567656e65726174657c693a313638393234333339363b74656d70557365727c733a33323a2239343639303034373636346166636630343561383833352e3635343234333633223b),
('6dee1480494ff654ca3d2b2a8ed0385c73cabc92', '34.78.6.216', 1689243400, 0x5f5f63695f6c6173745f726567656e65726174657c693a313638393234333430303b74656d70557365727c733a33323a2236373833363139323436346166636630386434613931312e3833313036363237223b),
('27baf61c198030fbb0907a67b0783a8cfcddbbdd', '162.19.25.94', 1689267409, 0x5f5f63695f6c6173745f726567656e65726174657c693a313638393236373430383b74656d70557365727c733a33333a223139373336303336303636346230326364306433346434392e3337353530303832223b),
('0950472c62e8ebaaeef7546ac6eb52cc15cc19e8', '162.19.25.94', 1689267515, 0x5f5f63695f6c6173745f726567656e65726174657c693a313638393236373531353b74656d70557365727c733a33323a2239383731393338333436346230326433623665646164322e3631333833323532223b),
('76bd6da37f2f2ed1a171027bd885d81d555ad384', '162.19.25.94', 1689267571, 0x5f5f63695f6c6173745f726567656e65726174657c693a313638393236373537313b74656d70557365727c733a33333a223138383039323539383336346230326437333334383030302e3034313332363433223b),
('95f713d96ecb2c5ecf8080baae5d5bdddfde7c6f', '84.17.59.80', 1689267751, 0x5f5f63695f6c6173745f726567656e65726174657c693a313638393236373735313b74656d70557365727c733a33323a2232303737313933383136346230326532373335653361322e3933303232363935223b),
('a05e5ca1af55ad76f1fb0e140466b69360f88368', '191.101.31.49', 1689267751, 0x5f5f63695f6c6173745f726567656e65726174657c693a313638393236373735313b74656d70557365727c733a33323a2238323436333737303436346230326532373630643831342e3438323633323238223b),
('8398a699d319f540abaf739b8578e1963253fb5d', '84.17.59.80', 1689267751, 0x5f5f63695f6c6173745f726567656e65726174657c693a313638393236373735313b74656d70557365727c733a33333a223134313635353038363536346230326532373835383565302e3239353933303931223b),
('90349a5c77077d0258fbd0558d460969893897f0', '191.101.31.49', 1689267751, 0x5f5f63695f6c6173745f726567656e65726174657c693a313638393236373735313b74656d70557365727c733a33333a223132363237323735343236346230326532376139356465302e3635393136363338223b),
('9bb92965adde2715dfe02565ef907a5cf59875d9', '202.176.4.185', 1689267751, 0x5f5f63695f6c6173745f726567656e65726174657c693a313638393236373735313b74656d70557365727c733a33333a223138353036343736353336346230326532376430646534322e3437313939373631223b),
('fe7645c6c1fee27211c17984ffcc9ef03c3285ad', '216.131.110.4', 1689267751, 0x5f5f63695f6c6173745f726567656e65726174657c693a313638393236373735313b74656d70557365727c733a33323a2232333936393136363536346230326532376461616137332e3431303639353332223b),
('baae96a2815da3f7540d4c983b8fb0199749bbc1', '192.158.226.18', 1689267752, 0x5f5f63695f6c6173745f726567656e65726174657c693a313638393236373735323b74656d70557365727c733a33333a223134363534363735303936346230326532383037323133372e3834313935353131223b),
('a4a46c48e70b5bca0944faeade550a3aa51b1d9d', '216.131.110.4', 1689267752, 0x5f5f63695f6c6173745f726567656e65726174657c693a313638393236373735323b74656d70557365727c733a33323a2232383135323133313636346230326532383331356461372e3534353533333935223b),
('3b9fbf8b1c63d03aa3440418d0ad59cf25200e81', '202.176.4.185', 1689267752, 0x5f5f63695f6c6173745f726567656e65726174657c693a313638393236373735323b74656d70557365727c733a33323a2233303633303039333536346230326532383734316130372e3931353838353733223b),
('96a12d859f89672230ce2f71620d57d5f593a671', '192.158.226.18', 1689267752, 0x5f5f63695f6c6173745f726567656e65726174657c693a313638393236373735323b74656d70557365727c733a33333a223138313438303031383836346230326532386630333938322e3535363634383537223b),
('2bcaf7530de8250e82c5234222c37a7c622458e4', '192.158.226.18', 1689267780, 0x5f5f63695f6c6173745f726567656e65726174657c693a313638393236373738303b74656d70557365727c733a33313a22333539393433383236346230326534346537663839302e3230323433303138223b),
('9d68381021686c4e60c2e096d6feb6c7a5c2b337', '143.110.165.2', 1689282259, 0x5f5f63695f6c6173745f726567656e65726174657c693a313638393238323235393b74656d70557365727c733a33323a2232303931313531333636346230363664336235353263372e3534303836343335223b),
('6a238bf740e6c11c65c56fc4d71b1add12b6bf6b', '144.217.86.46', 1689285377, 0x5f5f63695f6c6173745f726567656e65726174657c693a313638393238353337373b74656d70557365727c733a33333a223231323430303636393336346230373330313034323433392e3433363638393633223b),
('43f490a982d95a55c0bd2b92436d74a89fb73ad9', '144.217.86.46', 1689285559, 0x5f5f63695f6c6173745f726567656e65726174657c693a313638393238353535393b74656d70557365727c733a33333a223134373637313435323336346230373362373535626561332e3238373430353038223b),
('585306b70b189d87d9249817d47797a8b2052f8b', '144.217.86.46', 1689285664, 0x5f5f63695f6c6173745f726567656e65726174657c693a313638393238353636343b74656d70557365727c733a33323a2239353638313131323536346230373432303336663934342e3433303233383837223b),
('e11a17cf7dfe7188a3b35c69f0aa6c9ad64363ad', '89.104.111.78', 1689292188, 0x5f5f63695f6c6173745f726567656e65726174657c693a313638393239323138383b74656d70557365727c733a33333a223130363231313237343336346230386439633366336532342e3733333832393034223b),
('3cd296ff88142c5141392ab484773fb4bb03b484', '45.90.60.226', 1689293936, 0x5f5f63695f6c6173745f726567656e65726174657c693a313638393239333933363b74656d70557365727c733a33323a2238393630313331393836346230393437303864613637352e3735393033363532223b),
('8f422982fde5d704d3672ed61bc65ce33e4a2dbf', '54.147.204.111', 1689302757, 0x5f5f63695f6c6173745f726567656e65726174657c693a313638393330323735373b74656d70557365727c733a33323a2237323332363433383836346230623665353464316237382e3932333935353237223b),
('ab189765b85a5e631076988cd8a6d50fb8f90a61', '54.147.204.111', 1689302757, 0x5f5f63695f6c6173745f726567656e65726174657c693a313638393330323735373b74656d70557365727c733a33333a223138353337343133343936346230623665356335376433352e3939313537363036223b),
('2ddabea379298332a1db79c62e99ce2e9e976f39', '54.236.206.174', 1689302895, 0x5f5f63695f6c6173745f726567656e65726174657c693a313638393330323839353b74656d70557365727c733a33333a223134393434343339383036346230623736663866383164392e3634333235333434223b),
('f4fddc9225fe9980c80b1a484305c3dec66fbc2a', '54.236.206.174', 1689302895, 0x5f5f63695f6c6173745f726567656e65726174657c693a313638393330323839353b74656d70557365727c733a33333a223137353337363136363036346230623736666362623566332e3435373137373736223b),
('ba32affa7671c3574c29060288b654441a97a398', '184.94.240.88', 1689328500, 0x5f5f63695f6c6173745f726567656e65726174657c693a313638393332383530303b74656d70557365727c733a33333a223132383131303339393536346231316237346465666335352e3437323530303434223b),
('335fa53ddb61a4453aa86e4b940dc7c314c7ab35', '35.89.111.155', 1689353580, 0x5f5f63695f6c6173745f726567656e65726174657c693a313638393335333538303b74656d70557365727c733a33323a2233393137383036343236346231376436636264373237362e3330373732383731223b),
('1bac998bcdf64427ef162df23bb6e44d4077a25c', '144.217.135.215', 1689369814, 0x5f5f63695f6c6173745f726567656e65726174657c693a313638393336393831323b74656d70557365727c733a33333a223131373731393436333336346231626364346561323638392e3630303331363530223b),
('62f03bf7b4beae3be7d5ca2fec3d02550a4e6e29', '35.90.10.215', 1689404814, 0x5f5f63695f6c6173745f726567656e65726174657c693a313638393430343831343b74656d70557365727c733a33333a223137303732393731383636346232343538653864383964392e3633343038373035223b),
('c0cc7b1f0f62a0b7d8b108539d10ee48072b64d7', '34.218.233.161', 1689449313, 0x5f5f63695f6c6173745f726567656e65726174657c693a313638393434393331333b74656d70557365727c733a33333a223136383236393734313936346232663336313461373430322e3630393330363435223b),
('32ba58741b4ec5d1e39765283244fc77a21e31ce', '178.62.74.6', 1689528692, 0x5f5f63695f6c6173745f726567656e65726174657c693a313638393532383639323b74656d70557365727c733a33333a223139373737303939373636346234323937343664626630302e3333393330373137223b),
('6b4ad4d9abbae4d7a831eabe091527badb990cb1', '178.62.74.6', 1689528693, 0x5f5f63695f6c6173745f726567656e65726174657c693a313638393532383639333b74656d70557365727c733a33323a2235373331313532303136346234323937356339633262322e3139383637303835223b),
('2c721787fc1b9a42a325283c94ada5f792f663b7', '178.62.74.6', 1689528695, 0x5f5f63695f6c6173745f726567656e65726174657c693a313638393532383639353b),
('67a1c3298de5fa3fb5f081a03f397ce7de164d72', '178.62.74.6', 1689528696, 0x5f5f63695f6c6173745f726567656e65726174657c693a313638393532383639363b74656d70557365727c733a33333a223132303539363231373036346234323937383530323837342e3436313937353536223b),
('a8720c2fcc972a42145e316abadbe47eb46bbb70', '178.62.74.6', 1689528697, 0x5f5f63695f6c6173745f726567656e65726174657c693a313638393532383639373b),
('19fc97dc960f8d94b3c689b0013cef577bfd132b', '185.225.74.169', 1689532394, 0x5f5f63695f6c6173745f726567656e65726174657c693a313638393533323339343b74656d70557365727c733a33333a223132303936363435303436346234333765613863666234372e3830333137353136223b),
('7f1946cf0d3b03d4af38cb82f503235ebf2a74f0', '88.0.92.32', 1689541752, 0x5f5f63695f6c6173745f726567656e65726174657c693a313638393534313735323b74656d70557365727c733a33323a2237353835373636313736346234356337383534336332312e3133303336343330223b),
('6d4de7fafdaa6970f5f53c71f18c1270e382fa35', '202.190.61.180', 1689576117, 0x5f5f63695f6c6173745f726567656e65726174657c693a313638393537363038363b74656d70557365727c733a33333a223135333634353537393536346234653239363064656337302e3338343339343633223b),
('e31c4a9d572b76c87ceb581de6a701c08bff594e', '183.171.91.156', 1689578168, 0x5f5f63695f6c6173745f726567656e65726174657c693a313638393537383136383b74656d70557365727c733a33333a223133363130343833353236346234656162383532323162372e3535343037343233223b),
('0ee30b63e19eb00266bc1177bbe249ead109dce3', '34.133.2.115', 1689587217, 0x5f5f63695f6c6173745f726567656e65726174657c693a313638393538373231373b74656d70557365727c733a33313a22383834393236323036346235306531316438383465332e3237333430313234223b),
('336ccd0231be1ac8736c641af3b761217cdca4b4', '35.225.162.233', 1689587223, 0x5f5f63695f6c6173745f726567656e65726174657c693a313638393538373232333b74656d70557365727c733a33323a2238323835313031313136346235306531373631326131312e3332303231343734223b),
('809462dbe95dc07ac8a01825b3b94562284acee2', '34.254.53.125', 1689587342, 0x5f5f63695f6c6173745f726567656e65726174657c693a313638393538373334323b74656d70557365727c733a33333a223138363836313534343836346235306538656361623735322e3135383236393636223b),
('d6877ee43711e6c30597797cd089fa737e450402', '34.254.53.125', 1689587344, 0x5f5f63695f6c6173745f726567656e65726174657c693a313638393538373334343b74656d70557365727c733a33323a2231383434373938343136346235306539303530333033382e3230353333333531223b),
('5126fb919801636b3e32dad3f7ef388cdc9f0f57', '34.254.53.125', 1689587347, 0x5f5f63695f6c6173745f726567656e65726174657c693a313638393538373334373b74656d70557365727c733a33333a223131363531343735343336346235306539336536666465382e3434353032333135223b),
('82029beb996a92e1bb50476b0003fc9dab92a3ce', '34.254.53.125', 1689587363, 0x5f5f63695f6c6173745f726567656e65726174657c693a313638393538373336333b74656d70557365727c733a33333a223137383739313835363336346235306561333230376230372e3437313931343035223b),
('a4029e1035480a9020d2f8b80a896ad9b29d173c', '34.254.53.125', 1689587364, 0x5f5f63695f6c6173745f726567656e65726174657c693a313638393538373336343b74656d70557365727c733a33323a2231373839383235373036346235306561343066666136372e3938353137393431223b),
('b50aa5a6148cebf8ad6b0c2531c5ca20c9660f32', '34.254.53.125', 1689587366, 0x5f5f63695f6c6173745f726567656e65726174657c693a313638393538373336363b74656d70557365727c733a33323a2239393930383333313436346235306561366366393064312e3534383432353039223b),
('d166075beeb5a8857c8d36faa41e7edd8dafcaa7', '192.252.212.30', 1689587898, 0x5f5f63695f6c6173745f726567656e65726174657c693a313638393538373839383b74656d70557365727c733a33333a223138303733303739303436346235313062613739353665382e3138363632383838223b),
('fed71fa865d185421c5699fc64f4ff02f8592f61', '51.81.167.146', 1689588052, 0x5f5f63695f6c6173745f726567656e65726174657c693a313638393538383035323b74656d70557365727c733a33323a2232363438373038343936346235313135343837353130382e3831353339353435223b),
('111ab75c6b6c01e37f3082f4216ac13eca4dcd2b', '154.47.16.54', 1689588741, 0x5f5f63695f6c6173745f726567656e65726174657c693a313638393538383734313b74656d70557365727c733a33313a22393836383339343436346235313430353937653264332e3033373130373238223b),
('f967ed66ce6b546aad61cac6e25d7ded947da62a', '137.226.113.15', 1689589121, 0x5f5f63695f6c6173745f726567656e65726174657c693a313638393538393132313b74656d70557365727c733a33333a223136363334343536313336346235313538316432643536372e3139303732353938223b),
('157a069199ea8af79fc6372dac9a8e5c4d322573', '137.226.113.15', 1689589122, 0x5f5f63695f6c6173745f726567656e65726174657c693a313638393538393132323b74656d70557365727c733a33333a223130353233383833313836346235313538323431353535392e3634333633393236223b),
('6c7837a0657f1686445007c8fb9d09333a16854f', '137.226.113.15', 1689589460, 0x5f5f63695f6c6173745f726567656e65726174657c693a313638393538393436303b74656d70557365727c733a33323a2237373430303230373136346235313664346531373961342e3336333738353538223b),
('ba0aa70bd4e90b48b286df3dca4cd83a5baa5215', '137.226.113.15', 1689589462, 0x5f5f63695f6c6173745f726567656e65726174657c693a313638393538393436323b74656d70557365727c733a33333a223132343136373936363436346235313664363233326534322e3034383230363339223b),
('858cf5c54d95821f4f42e0549cfd4b8776e7595d', '137.226.113.15', 1689589462, 0x5f5f63695f6c6173745f726567656e65726174657c693a313638393538393436323b74656d70557365727c733a33333a223137373334343138373136346235313664363930353332372e3636303532393935223b),
('20b2f60a8e7d4def0e0d3e48f498c12fe0fa87a7', '137.226.113.15', 1689590512, 0x5f5f63695f6c6173745f726567656e65726174657c693a313638393539303531323b74656d70557365727c733a33313a22313130383231333436346235316166303631383030332e3636313539383733223b),
('c1468f6fedbd0a3299f33e14dfc957d42c8c3800', '137.226.113.15', 1689590514, 0x5f5f63695f6c6173745f726567656e65726174657c693a313638393539303531343b74656d70557365727c733a33313a22383232373237343536346235316166323266653835392e3234303337383931223b),
('e517f6a8da1c0ca27dd9bd9ddee3f3ac846dcf7e', '137.226.113.15', 1689590516, 0x5f5f63695f6c6173745f726567656e65726174657c693a313638393539303531363b74656d70557365727c733a33323a2236343133393132343736346235316166343664366161312e3038313532383134223b),
('5030e637a276490088ecfc4cd8f5b47e5831a60c', '69.4.87.74', 1689590528, 0x5f5f63695f6c6173745f726567656e65726174657c693a313638393539303532383b74656d70557365727c733a33333a223133353832343138393036346235316230306337343961372e3833343533343338223b),
('fa5a3d3462d816b265fa45ab5ace9c1646182d76', '69.4.87.74', 1689590529, 0x5f5f63695f6c6173745f726567656e65726174657c693a313638393539303532393b74656d70557365727c733a33323a2231353932363738353936346235316230316235363661312e3739353837333936223b),
('7785d6247058ee2fb97aa43b4ce266f1222c2053', '137.226.113.15', 1689590623, 0x5f5f63695f6c6173745f726567656e65726174657c693a313638393539303632333b74656d70557365727c733a33323a2237343130393039303536346235316235666134656564372e3833323237353530223b),
('c0302a8a4edc66fa82f8421b399919436da4502f', '137.226.113.15', 1689590626, 0x5f5f63695f6c6173745f726567656e65726174657c693a313638393539303632363b74656d70557365727c733a33323a2235323333363337363836346235316236326539323262312e3933383132353637223b),
('2142b9bb96e344652c608138a7e70ac0767795a9', '137.226.113.15', 1689590627, 0x5f5f63695f6c6173745f726567656e65726174657c693a313638393539303632373b74656d70557365727c733a33323a2231373230393232303736346235316236336335333964382e3336373332333130223b),
('6832252166255626145d4ffcf07b9d8dba1f043a', '93.119.227.91', 1689590678, 0x5f5f63695f6c6173745f726567656e65726174657c693a313638393539303637383b74656d70557365727c733a33333a223130323938333635323536346235316239363234373164312e3331363338313935223b),
('755de726323bac35d070a57b55c24ad53d00cf16', '93.119.227.91', 1689590679, 0x5f5f63695f6c6173745f726567656e65726174657c693a313638393539303637393b74656d70557365727c733a33323a2232383539373333373336346235316239373562396266302e3534363238383737223b),
('8a943deee0714b610bf40d27625c7377675b4fdc', '137.226.113.15', 1689590709, 0x5f5f63695f6c6173745f726567656e65726174657c693a313638393539303730393b74656d70557365727c733a33333a223139363333343432373936346235316262356238653463302e3336383637333030223b),
('721dfb01b9ce90a93ea1bdd8003555294109cef3', '137.226.113.15', 1689590710, 0x5f5f63695f6c6173745f726567656e65726174657c693a313638393539303731303b74656d70557365727c733a33323a2232343236363938393336346235316262366330343334342e3534313337363435223b),
('a0f4b4b9c0716e7785be2d62c627ce40874a0ff4', '137.226.113.15', 1689590710, 0x5f5f63695f6c6173745f726567656e65726174657c693a313638393539303731303b74656d70557365727c733a33333a223136373330383230353336346235316262366465363564372e3736343933333332223b),
('cb50958b3f22407e886a23964cf0227f0f31b6b2', '137.226.113.15', 1689591773, 0x5f5f63695f6c6173745f726567656e65726174657c693a313638393539313737333b74656d70557365727c733a33323a2236393235313537303736346235316664643561383133302e3337363930313838223b),
('885040c39b3de520b93411e6c6a552f2bf5afa33', '137.226.113.15', 1689591773, 0x5f5f63695f6c6173745f726567656e65726174657c693a313638393539313737333b74656d70557365727c733a33323a2239383735363636323236346235316664646432646134382e3035353935343534223b),
('fb80b9065b61e3d83943f404e5a0b6c695d26d8d', '137.226.113.15', 1689592633, 0x5f5f63695f6c6173745f726567656e65726174657c693a313638393539323633333b74656d70557365727c733a33333a223139363133383336333536346235323333396435623836302e3138363533313131223b),
('84e6674f783ba76be42c976c28e3b038d14020a5', '137.226.113.15', 1689592638, 0x5f5f63695f6c6173745f726567656e65726174657c693a313638393539323633383b74656d70557365727c733a33323a2233323736373238383036346235323333653438333737332e3533313934393334223b),
('de5979a8a8b1f781c965ac122e4cd5f1d5fe945a', '171.67.70.233', 1689601505, 0x5f5f63695f6c6173745f726567656e65726174657c693a313638393630313530353b74656d70557365727c733a33323a2235323130343034373536346235343565313132633435352e3337363036303938223b),
('4553ce1953a5b54602b0f5e64798497e575c544b', '171.67.70.233', 1689601506, 0x5f5f63695f6c6173745f726567656e65726174657c693a313638393630313530363b74656d70557365727c733a33333a223135323438363030373436346235343565323636383832382e3430353330373231223b),
('34383907f9e3774dd244f19a33071376f0e98a25', '171.67.70.233', 1689601564, 0x5f5f63695f6c6173745f726567656e65726174657c693a313638393630313536343b74656d70557365727c733a33323a2233393535353233333736346235343631633263353539312e3634323836313535223b),
('888a1e0111ab74582d76aea55efa5203d214c1e7', '171.67.70.233', 1689601565, 0x5f5f63695f6c6173745f726567656e65726174657c693a313638393630313536353b74656d70557365727c733a33313a22313038353839303636346235343631643536313239372e3334363131373731223b),
('842b3fdc88ee0dbf4f1decca132c95111e47ca34', '188.166.232.158', 1689620739, 0x5f5f63695f6c6173745f726567656e65726174657c693a313638393632303733393b74656d70557365727c733a33333a223136323739373030343636346235393130336138303837352e3335363831333432223b),
('098b655c0c1b21e0dc061f2a96a34faa7125f307', '47.89.193.162', 1689630585, 0x5f5f63695f6c6173745f726567656e65726174657c693a313638393633303538353b74656d70557365727c733a33323a2239353636383839393636346235623737396361383537322e3333343936333534223b),
('c6e7b82cadbf94d28971261e97ef1a2322cff47c', '47.254.85.182', 1689630588, 0x5f5f63695f6c6173745f726567656e65726174657c693a313638393633303538383b74656d70557365727c733a33323a2236323733383537373436346235623737633539316565382e3032313032373035223b),
('24b063675d567ba20b817005dc34a565c8ec78cc', '167.248.133.187', 1689640616, 0x5f5f63695f6c6173745f726567656e65726174657c693a313638393634303631363b74656d70557365727c733a33323a2235303130393838333336346235646561386464396537352e3232303436303033223b),
('47c10df0fdbeac072915e5c3ca06cca35f043096', '113.211.99.138', 1689641484, 0x5f5f63695f6c6173745f726567656e65726174657c693a313638393634313438343b74656d70557365727c733a33333a223131373033313235363936346235653230636465313566362e3939393834323238223b),
('dcff704c6cbd1e5b5f291f40c997816ce489ce62', '113.211.99.138', 1689643489, 0x5f5f63695f6c6173745f726567656e65726174657c693a313638393634333438393b74656d70557365727c733a33323a2231333034303231323136346235653833373237653966302e3935373533343138223b),
('62732d32824c78e5f4434ba7f3bb0f5006f9fa9f', '113.211.99.138', 1689643598, 0x5f5f63695f6c6173745f726567656e65726174657c693a313638393634333438393b74656d70557365727c733a33323a2231333034303231323136346235653833373237653966302e3935373533343138223b),
('0f507cf58ff2f29b5b723c5d39efd4b1dea913e8', '167.248.133.185', 1689644433, 0x5f5f63695f6c6173745f726567656e65726174657c693a313638393634343433333b74656d70557365727c733a33333a223131383731303432383936346235656439316164633937352e3936343830323432223b),
('ba4a8af509b0c689e4f300636b72793713bfd535', '176.53.221.51', 1689644764, 0x5f5f63695f6c6173745f726567656e65726174657c693a313638393634343736343b74656d70557365727c733a33323a2233383739303234363236346235656564633663633637382e3935333935353038223b),
('ed18229b9b9e8ec4ec4ca128ae35cb89eaeff7c1', '113.211.99.138', 1689653055, 0x5f5f63695f6c6173745f726567656e65726174657c693a313638393635333035353b74656d70557365727c733a33323a2233353433383936323536346236306633666563356365312e3933393031343330223b),
('caf9d4366b0d09ecdc005d7584982e4a8911801a', '113.211.99.138', 1689670552, 0x5f5f63695f6c6173745f726567656e65726174657c693a313638393637303535323b74656d70557365727c733a33313a22323433353135393136346236353136333237666561372e3133393932353833223b7573657249647c733a313a2230223b726f6c657c733a313a2231223b726f6c65546578747c733a31363a2250656e7461646269722053697374656d223b6e616d657c733a343a2264656d6f223b6c6173744c6f67696e7c733a31393a22323032332d30372d31382031363a34323a3130223b69734c6f67676564496e7c623a313b),
('c7d0babe4dc045143fab4e809150389f96dbf33d', '113.211.99.138', 1689670552, 0x5f5f63695f6c6173745f726567656e65726174657c693a313638393637303535323b74656d70557365727c733a33303a223237313636373536346236353339386562656461322e3331363338343233223b),
('ffe705561d50357d3bbea43f9957ab7c2bc37575', '167.172.35.153', 1689671320, 0x5f5f63695f6c6173745f726567656e65726174657c693a313638393637313332303b74656d70557365727c733a33313a22343837303339303836346236353639383833353131352e3538323533393037223b),
('5f23e999cd9768bff91d7cf16348360606e60fc9', '167.172.35.153', 1689671321, 0x5f5f63695f6c6173745f726567656e65726174657c693a313638393637313332313b74656d70557365727c733a33333a223130313433313438373336346236353639393633646130382e3936393830333635223b),
('be028160817cf92c2bd3e02fa2f55e4c086adea8', '87.236.176.127', 1689682670, 0x5f5f63695f6c6173745f726567656e65726174657c693a313638393638323637303b74656d70557365727c733a33333a223139333433343631353336346236383265653732666161322e3333303632343436223b),
('9f8f07775ccea104b52dd79d9d04edaf7e9dccfb', '87.236.176.60', 1689687909, 0x5f5f63695f6c6173745f726567656e65726174657c693a313638393638373930393b74656d70557365727c733a33333a223132323338303837373136346236393736353537643963362e3736313036323236223b),
('8b2051ce537be1ac8d864d7ed12816389b156e7a', '87.236.176.61', 1689691709, 0x5f5f63695f6c6173745f726567656e65726174657c693a313638393639313730393b74656d70557365727c733a33323a2232303936393937393336346236613633643864623933352e3838323932313538223b),
('bd63408e552636cc351ea0e545b5c57e31df2fe6', '87.236.176.32', 1689704961, 0x5f5f63695f6c6173745f726567656e65726174657c693a313638393730343936313b74656d70557365727c733a33323a2239323434363738363236346236646130313263336566382e3637323336333436223b),
('5ded279bc836ceef8570b673a9093aa1a19d54fe', '87.236.176.181', 1689721667, 0x5f5f63695f6c6173745f726567656e65726174657c693a313638393732313636373b74656d70557365727c733a33333a223134333635393931323336346237316234333963656561322e3037313731313238223b),
('3aefd4162cf501744062a1bd8a0379ba53bc65ce', '176.53.216.139', 1689724060, 0x5f5f63695f6c6173745f726567656e65726174657c693a313638393732343036303b74656d70557365727c733a33323a2233383338333434373836346237323439636564616465342e3630353439383339223b),
('46714ed2e845454c7ba1e3a20fdfed8d80983f0c', '89.104.100.151', 1689726576, 0x5f5f63695f6c6173745f726567656e65726174657c693a313638393732363537363b74656d70557365727c733a33323a2234373630363332393036346237326537303934363839342e3533333230393838223b),
('88612efee97624afcc494d620516fb349864f748', '87.236.176.90', 1689726959, 0x5f5f63695f6c6173745f726567656e65726174657c693a313638393732363935393b74656d70557365727c733a33323a2237383538323831303636346237326665663638383339342e3430363733393034223b);
INSERT INTO `ci_sessions` (`id`, `ip_address`, `timestamp`, `data`) VALUES
('64bebe243f44d2eaf9e8a7aa60330def16b4f8da', '87.236.176.47', 1689750300, 0x5f5f63695f6c6173745f726567656e65726174657c693a313638393735303330303b74656d70557365727c733a33333a223130373534303132303136346237386231633332323531302e3636323532363536223b),
('d75277a0b326d68b26106eaf6f2045210b80b23d', '87.236.176.46', 1689754177, 0x5f5f63695f6c6173745f726567656e65726174657c693a313638393735343137373b74656d70557365727c733a33313a22373531303139373236346237396134316565373831332e3530363531393339223b),
('c03b1d5d5a2da3c5469e97eb5e06254aa574a7cc', '113.211.208.222', 1689792936, 0x5f5f63695f6c6173745f726567656e65726174657c693a313638393739323933363b74656d70557365727c733a33333a223133313738323135303136346238333161383235636461322e3937303430353730223b),
('650b3c7ceedda62d9875b70d134a797a17139494', '35.158.214.254', 1689796700, 0x5f5f63695f6c6173745f726567656e65726174657c693a313638393739363730303b74656d70557365727c733a33323a2237373835393036373336346238343035633335393262312e3332333434303736223b),
('d3bfc5bf1b653f28517e91c3c8837717fe0ade8e', '183.129.153.157', 1689803005, 0x5f5f63695f6c6173745f726567656e65726174657c693a313638393830333030353b74656d70557365727c733a33333a223130383737303638353036346238353866643165323864322e3834393034353135223b),
('ee0f9021ca894f45d0735f733041636d099f30ce', '75.119.150.252', 1689820899, 0x5f5f63695f6c6173745f726567656e65726174657c693a313638393832303839393b74656d70557365727c733a33323a2237393833373636373936346238396565333632316336312e3736353536323837223b),
('de061c7984ab50805e1bf1e1d0e2559485f2ac55', '113.211.120.76', 1689836872, 0x5f5f63695f6c6173745f726567656e65726174657c693a313638393833363837323b74656d70557365727c733a33333a223130383333303435383236346238643862613265356133302e3236343138313432223b),
('ec944be92e42b2f000a3673af2edca4936abe2ca', '103.49.25.2', 1689837128, 0x5f5f63695f6c6173745f726567656e65726174657c693a313638393833363837323b74656d70557365727c733a33333a223130383333303435383236346238643862613265356133302e3236343138313432223b),
('29bf794dad395e47dd05fc2cee2dd7d3fb35d0bc', '183.129.153.157', 1689841345, 0x5f5f63695f6c6173745f726567656e65726174657c693a313638393834313334353b74656d70557365727c733a33333a223230383438333130353236346238656563313465363430342e3830373830333935223b),
('7cc97b2087047bd3a7ff938379ab2e7eaa7fd0ef', '34.228.61.59', 1689843501, 0x5f5f63695f6c6173745f726567656e65726174657c693a313638393834333530313b74656d70557365727c733a33323a2235313639363337333836346238663732643230313830372e3238313430343734223b),
('3d4b5c70c11811b0855955202147c13701738d82', '34.228.61.59', 1689843501, 0x5f5f63695f6c6173745f726567656e65726174657c693a313638393834333530313b74656d70557365727c733a33333a223133323336303031383436346238663732643961343534342e3334303339303836223b),
('6fb7940e6b75a50ced63a6280eaef55367ade603', '54.196.231.141', 1689843614, 0x5f5f63695f6c6173745f726567656e65726174657c693a313638393834333631343b74656d70557365727c733a33323a2237363537383930343036346238663739653561653837302e3934393331343332223b),
('ee59c90ba7c3ecbe308ca6843a555b5f599e6e1b', '54.196.231.141', 1689843614, 0x5f5f63695f6c6173745f726567656e65726174657c693a313638393834333631343b74656d70557365727c733a33323a2232373634343838353836346238663739653938306130332e3638363332353836223b),
('57985b7753c9970f37e2bda522d3e747e9894081', '117.50.170.122', 1690010996, 0x5f5f63695f6c6173745f726567656e65726174657c693a313639303031303939363b74656d70557365727c733a33333a223136343834383737333236346262383537343539306231382e3938313738353038223b),
('422a16e0b1b9d346db1302f5aefdbd840b83afde', '157.90.209.81', 1690018271, 0x5f5f63695f6c6173745f726567656e65726174657c693a313639303031383237313b74656d70557365727c733a33333a223133303338313733383236346262613164663763616664392e3239373839303634223b),
('ac02107f3945ca2676bc22dc064a5b19ec303671', '94.23.207.193', 1690032037, 0x5f5f63695f6c6173745f726567656e65726174657c693a313639303033323033373b74656d70557365727c733a33333a223135383030373137393836346262643761353338383337302e3431353739333135223b),
('d42e6a3505ce1581139a6f6ac3152b3f350614f1', '178.25.244.57', 1690046387, 0x5f5f63695f6c6173745f726567656e65726174657c693a313639303034363338373b),
('c7c8ed4b8fdad7aa4f13197ada6086226af4ef8e', '178.25.244.57', 1690046389, 0x5f5f63695f6c6173745f726567656e65726174657c693a313639303034363338393b74656d70557365727c733a33323a2236363033393737303736346263306662353461303066312e3733303639373033223b),
('178cfd0ee2e691eaba08ce031ed9afa3e8a8f501', '178.25.244.57', 1690046391, 0x5f5f63695f6c6173745f726567656e65726174657c693a313639303034363339313b),
('319cb5326a6eb2e7cad9abe88f3d8ad90dd6d808', '178.25.244.57', 1690046393, 0x5f5f63695f6c6173745f726567656e65726174657c693a313639303034363339333b74656d70557365727c733a33333a223139303034393036323136346263306662393138663261372e3135313935393039223b),
('c6c4fea3797476ef7a4fed8c7dbbb48db30c9edc', '178.25.244.57', 1690046394, 0x5f5f63695f6c6173745f726567656e65726174657c693a313639303034363339343b74656d70557365727c733a33333a223132313739343932383036346263306662616366373835332e3938383630353032223b),
('2ccf6a92fb2bfb9754329bcf38df1a25ca3e9ea2', '65.108.110.26', 1690061681, 0x5f5f63695f6c6173745f726567656e65726174657c693a313639303036313638313b),
('d1b468d57a2ee1944ad812c0e4213539903f84cf', '103.8.24.37', 1690174669, 0x5f5f63695f6c6173745f726567656e65726174657c693a313639303137343636393b74656d70557365727c733a33333a223136323835323632383036346265303463643131633732372e3634363931373930223b),
('96099fd5ab30d76d7eb1b5dd86a12f78043b8a65', '198.235.24.170', 1690587048, 0x5f5f63695f6c6173745f726567656e65726174657c693a313639303538373034383b74656d70557365727c733a33333a223139383630373932333836346334346661383165643162392e3633353530333737223b),
('14d6e73ca9c23ce7356245994618e6ff9210c71b', '198.235.24.13', 1690591643, 0x5f5f63695f6c6173745f726567656e65726174657c693a313639303539313634333b74656d70557365727c733a33323a2239393739323535303936346334363139626534316132312e3436353833383930223b),
('6a8c2ba669bdc41f0bdad097ede167f23d6ba153', '192.227.205.166', 1690627149, 0x5f5f63695f6c6173745f726567656e65726174657c693a313639303632373134393b74656d70557365727c733a33333a223137383239313537393136346334656334643537626462312e3335303533313336223b),
('978209afcbba5d9260d1efbb9868f4ef138b6f77', '24.199.117.253', 1690669544, 0x5f5f63695f6c6173745f726567656e65726174657c693a313639303636393534343b74656d70557365727c733a33323a2237393837373733323936346335393165386261303532382e3236373232393936223b),
('69051bb767392bb1d6cdc1ce5d86995426f0f7a2', '157.90.209.81', 1690793114, 0x5f5f63695f6c6173745f726567656e65726174657c693a313639303739333131343b74656d70557365727c733a33333a223134303634313738373336346337373439613533653933342e3430323137373339223b),
('8b38c987e2efeae0bc7ab06bd7d244a46f76f059', '134.122.105.136', 1690808497, 0x5f5f63695f6c6173745f726567656e65726174657c693a313639303830383439373b74656d70557365727c733a33333a223135323635313533373136346337623062316132313465392e3133313433353935223b),
('657b7ec6af06b34622982fb7993ddab4e3c200f9', '134.122.105.136', 1690808498, 0x5f5f63695f6c6173745f726567656e65726174657c693a313639303830383439383b74656d70557365727c733a33333a223135343334303036323536346337623062323862356133372e3531373730313132223b),
('b657950fbbd40ff3bb6ce7e262dfbb28fcfe21f1', '205.210.31.237', 1690901519, 0x5f5f63695f6c6173745f726567656e65726174657c693a313639303930313531393b74656d70557365727c733a33323a2233373831393836323836346339316330663931643231332e3635323934393438223b),
('a9ce6295cdd177e7654edacd1e153da994b2bb1c', '113.211.208.55', 1690908309, 0x5f5f63695f6c6173745f726567656e65726174657c693a313639303930383330393b74656d70557365727c733a33333a223131333933323830393236346339333639353563376535372e3634303933383132223b),
('df46c2fdcdcd6caab428c557c5039d0a85d88e2f', '113.211.208.55', 1690908432, 0x5f5f63695f6c6173745f726567656e65726174657c693a313639303930383430363b74656d70557365727c733a33333a223230323332393939323136346339333666363662386139312e3737343033313639223b),
('5d726baa0767df33e89239e3a7fd3ae50fe904e7', '113.211.208.55', 1690908425, 0x5f5f63695f6c6173745f726567656e65726174657c693a313639303930383432353b74656d70557365727c733a33333a223134333437353337323736346339333730396333386639352e3636303633383838223b),
('463de04697d0ccd00f8d396117e09a3531406747', '69.4.89.106', 1690915562, 0x5f5f63695f6c6173745f726567656e65726174657c693a313639303931353536323b74656d70557365727c733a33333a223132393234363235343136346339353265613538386535322e3036313530363835223b),
('47e30faec468f8aa4a18e5fa6786d71746fcb587', '69.4.89.106', 1690915563, 0x5f5f63695f6c6173745f726567656e65726174657c693a313639303931353536333b74656d70557365727c733a33333a223134393634313830383136346339353265626339383434302e3739393032363131223b),
('7c8934cc42f109590780f79b87927cfe4613957d', '198.235.24.129', 1690921575, 0x5f5f63695f6c6173745f726567656e65726174657c693a313639303932313537353b74656d70557365727c733a33333a223135373633373532333336346339366136373335643731372e3533313639373737223b),
('549243c868879089c8231a0a023fc4703860ef03', '183.171.65.84', 1690929796, 0x5f5f63695f6c6173745f726567656e65726174657c693a313639303932393730313b74656d70557365727c733a33333a223139393731343738333736346339386132353835396131392e3937363432353133223b7573657249647c733a313a2230223b726f6c657c733a313a2231223b726f6c65546578747c733a31363a2250656e7461646269722053697374656d223b6e616d657c733a343a2264656d6f223b6c6173744c6f67696e7c733a31393a22323032332d30382d30322030303a34353a3437223b69734c6f67676564496e7c623a313b),
('1931303e38dc6af4f80c5099e813b96d58a1002c', '183.171.65.84', 1690929730, 0x5f5f63695f6c6173745f726567656e65726174657c693a313639303932393733303b74656d70557365727c733a33333a223134383731333335383436346339386134323739616531352e3434353037373738223b),
('b08659f6cbb4b3114b348028014724b0c65f892c', '183.171.107.197', 1690930924, 0x5f5f63695f6c6173745f726567656e65726174657c693a313639303933303932343b74656d70557365727c733a33323a2237363932363137393736346339386565633066343863362e3137323739313931223b),
('fca94e4afb9c20e014178499944954e63fbe2d84', '149.154.161.251', 1690950435, 0x5f5f63695f6c6173745f726567656e65726174657c693a313639303935303433353b74656d70557365727c733a33333a223231313831313236373936346339646232333166656562312e3032363831343131223b),
('0a034a6f7c2500c43683f0b9574b388887b373b4', '103.49.25.2', 1690950563, 0x5f5f63695f6c6173745f726567656e65726174657c693a313639303935303536333b74656d70557365727c733a33333a223136363437363730393436346339646261333637333462312e3434353731323833223b),
('4117bec70412a6d115b60089e53d5b4c24601ba6', '103.49.25.2', 1690950677, 0x5f5f63695f6c6173745f726567656e65726174657c693a313639303935303537353b74656d70557365727c733a33313a22313735353734303936346339646266663266616365312e3134353332393431223b7573657249647c733a313a2230223b726f6c657c733a313a2231223b726f6c65546578747c733a31363a2250656e7461646269722053697374656d223b6e616d657c733a343a2264656d6f223b6c6173744c6f67696e7c733a31393a22323032332d30382d30322030363a34323a3435223b69734c6f67676564496e7c623a313b),
('b50d15238bb20808d99de9e920bdb299637d1726', '103.49.25.2', 1690951215, 0x5f5f63695f6c6173745f726567656e65726174657c693a313639303935313231353b74656d70557365727c733a33323a2238373937303037353236346339646339323230623562362e3832313433373438223b6572726f727c733a33353a224e6f204b61642050656e67656e616c616e20402050617373776f72642053616c616821223b5f5f63695f766172737c613a313a7b733a353a226572726f72223b733a333a226f6c64223b7d),
('67da35a0d8fca732bc326a78531a816d10026b89', '103.49.25.2', 1690953358, 0x5f5f63695f6c6173745f726567656e65726174657c693a313639303935333335383b74656d70557365727c733a33323a2238373937303037353236346339646339323230623562362e3832313433373438223b6572726f727c733a33353a224e6f204b61642050656e67656e616c616e20402050617373776f72642053616c616821223b5f5f63695f766172737c613a313a7b733a353a226572726f72223b733a333a226f6c64223b7d),
('9a14b5206b6f57a54bafa1dd672c592c750ae276', '103.49.25.2', 1690953687, 0x5f5f63695f6c6173745f726567656e65726174657c693a313639303935333435393b74656d70557365727c733a33323a2237363537343337363736346339653666336336313538342e3932343937313231223b7573657249647c733a313a2230223b726f6c657c733a313a2231223b726f6c65546578747c733a31363a2250656e7461646269722053697374656d223b6e616d657c733a343a2264656d6f223b6c6173744c6f67696e7c733a31393a22323032332d30382d30322031333a31353a3538223b69734c6f67676564496e7c623a313b),
('cbbdd4f12169be470964cd4674283e1cde78e05d', '103.49.25.2', 1690961182, 0x5f5f63695f6c6173745f726567656e65726174657c693a313639303936313138323b),
('fda17bf68a6d1a57703d9f1b732c66789b546c0e', '157.90.209.81', 1690988033, 0x5f5f63695f6c6173745f726567656e65726174657c693a313639303938383033323b),
('993990d76465cca3eeb7d640f9b61c4ea22a53b5', '157.90.209.81', 1690988051, 0x5f5f63695f6c6173745f726567656e65726174657c693a313639303938383035313b),
('1ff8046cbb5da5c213b95e034b316269928bf4de', '157.90.209.81', 1690988070, 0x5f5f63695f6c6173745f726567656e65726174657c693a313639303938383037303b74656d70557365727c733a33323a2231343833313133343036346361366532363766363335372e3136393138373737223b),
('7d55b561d9114f4b3ffca82fe911183b81d9d966', '157.90.209.81', 1690988089, 0x5f5f63695f6c6173745f726567656e65726174657c693a313639303938383038393b),
('2c4613334af3067a05e559e729f97a3885dd281b', '157.90.209.81', 1690988107, 0x5f5f63695f6c6173745f726567656e65726174657c693a313639303938383130373b),
('6b98858041556a659749bc2bc6772b7194b92cea', '157.90.209.81', 1690988126, 0x5f5f63695f6c6173745f726567656e65726174657c693a313639303938383132363b74656d70557365727c733a33333a223131313438373836323936346361366535653531653131392e3533323432393938223b),
('7563d69d82924da58e8327da0e5d20407c6448a3', '157.90.209.81', 1690988144, 0x5f5f63695f6c6173745f726567656e65726174657c693a313639303938383134343b74656d70557365727c733a33323a2234363437333431393836346361366537306530393139392e3932393230393237223b),
('13eb2dacaa258da00d4251df26541a1f067ea269', '157.90.209.81', 1690988163, 0x5f5f63695f6c6173745f726567656e65726174657c693a313639303938383136333b74656d70557365727c733a33333a223135333735343430343636346361366538336262343166332e3434353730333738223b),
('132f769902435fd1f407736a8f22e66a0a8ec77f', '146.190.123.4', 1691131115, 0x5f5f63695f6c6173745f726567656e65726174657c693a313639313133313131353b74656d70557365727c733a33333a223230383935383535333036346363396365623761666331312e3739303636333133223b),
('893c2c6467d52dfdd7166d181657e3362ccecd16', '103.49.25.2', 1691133371, 0x5f5f63695f6c6173745f726567656e65726174657c693a313639313133333337313b74656d70557365727c733a33333a223137313036333939393936346363613562623864636563372e3731363836303537223b),
('947f1b5142750418e0dcb919d562746752f0cea5', '205.210.31.19', 1691194360, 0x5f5f63695f6c6173745f726567656e65726174657c693a313639313139343335393b74656d70557365727c733a33323a2237363138323130353136346364393366383037613037352e3933363034323230223b),
('3c7592f5a6a3fc29a7acb5798d1286e8c8683ebb', '113.211.211.58', 1691218134, 0x5f5f63695f6c6173745f726567656e65726174657c693a313639313231383133343b74656d70557365727c733a33323a2234303630343533323036346364663064366464626536382e3336363031343835223b),
('e4af4fc72e10d8cf4c27faec1e97b7cbe2d28b94', '183.171.103.99', 1691218196, 0x5f5f63695f6c6173745f726567656e65726174657c693a313639313231383139363b74656d70557365727c733a33333a223134373530383038343436346364663131343833373233382e3732373536393731223b),
('a60e93f23475e6d84a53897ce8cd788756b1506c', '183.171.103.99', 1691218280, 0x5f5f63695f6c6173745f726567656e65726174657c693a313639313231383238303b74656d70557365727c733a33323a2232353336353038313736346364663136383162333865322e3037303331393336223b),
('6a5c1c066789b9a79e02a93b64a50b62d91bb6ce', '183.171.103.99', 1691218284, 0x5f5f63695f6c6173745f726567656e65726174657c693a313639313231383238343b74656d70557365727c733a33333a223139313637323737393936346364663136636263323230332e3832353734323336223b),
('801733f5b27d990c99abcaaffe842f33a81efa9a', '183.171.103.99', 1691218286, 0x5f5f63695f6c6173745f726567656e65726174657c693a313639313231383238363b74656d70557365727c733a33323a2233373133313735333536346364663136653236666138322e3530303736343339223b),
('83a5feeba3266ea9728f984d8de7504d08b0f95c', '183.171.103.99', 1691218326, 0x5f5f63695f6c6173745f726567656e65726174657c693a313639313231383332363b74656d70557365727c733a33323a2234383538383337343736346364663139363162643834342e3538343536323230223b),
('aaeaf6f2a722d3fce8f8d32ed1f3fa126eb7bd4f', '66.249.65.46', 1691222206, 0x5f5f63695f6c6173745f726567656e65726174657c693a313639313232323230363b74656d70557365727c733a33333a223132393531303530363636346365303062653862336266312e3431373430313035223b),
('d79153b02e30b39ed727e5d43df7290cd4dc5b1b', '183.171.170.20', 1691222300, 0x5f5f63695f6c6173745f726567656e65726174657c693a313639313232323330303b74656d70557365727c733a33323a2238393032383433313136346365303131633130386662382e3036353438323930223b),
('ef08c91c49a7f5dd9f15fd5e45cc6b60bedd05c9', '183.171.170.20', 1691222300, 0x5f5f63695f6c6173745f726567656e65726174657c693a313639313232323330303b74656d70557365727c733a33333a223132393536313835383836346365303131636630356533352e3532313532383032223b),
('e1a2419fbf53cb2a7156adf310dfb6cd479ce619', '183.171.170.20', 1691222302, 0x5f5f63695f6c6173745f726567656e65726174657c693a313639313232323330323b74656d70557365727c733a33323a2233373039383639343236346365303131653433653531392e3533323534313830223b),
('69e6650440934022f406288dc0c8f5fb5d462358', '198.235.24.49', 1691251065, 0x5f5f63695f6c6173745f726567656e65726174657c693a313639313235313036353b74656d70557365727c733a33323a2237353139373038323536346365373137396430353032362e3038383039383231223b),
('8d34f87d7ffb38e98cb54a22013e1056526d9410', '113.211.211.58', 1691256569, 0x5f5f63695f6c6173745f726567656e65726174657c693a313639313235363536393b74656d70557365727c733a33333a223139373139353730303236346365383231306562343335342e3438373231353032223b),
('ea839f031b6a2606abdb73aac41f7a8a6687933a', '113.211.211.58', 1691256852, 0x5f5f63695f6c6173745f726567656e65726174657c693a313639313235363834373b74656d70557365727c733a33333a223138383630313236353936346365383830666632336633372e3837343535303035223b),
('a43e460ab6cde03b238fe53ab81a5e6c559f26a7', '113.211.211.58', 1691257275, 0x5f5f63695f6c6173745f726567656e65726174657c693a313639313235373237353b737563636573735f72656769737465727c733a3131313a2250656e646166746172616e2074656c6168206469746572696d612e203c62723e506968616b2070656e74616462697220616b616e206d656d627561742073656d616b616e2064616e2070656e6765736168616e2e203c62723e53696c612073656d616b20656d61696c20616e64612e223b5f5f63695f766172737c613a323a7b733a31363a22737563636573735f7265676973746572223b733a333a226e6577223b733a31303a22656d61696c5f73656e74223b733a333a226e6577223b7d656d61696c5f73656e747c733a32333a224572726f7220696e2073656e64696e6720456d61696c2e223b),
('177a9e6a274a083bd068feb5c0f73be5a21083c3', '113.211.211.58', 1691257816, 0x5f5f63695f6c6173745f726567656e65726174657c693a313639313235373831363b737563636573735f72656769737465727c733a3131313a2250656e646166746172616e2074656c6168206469746572696d612e203c62723e506968616b2070656e74616462697220616b616e206d656d627561742073656d616b616e2064616e2070656e6765736168616e2e203c62723e53696c612073656d616b20656d61696c20616e64612e223b5f5f63695f766172737c613a323a7b733a31363a22737563636573735f7265676973746572223b733a333a226f6c64223b733a31303a22656d61696c5f73656e74223b733a333a226f6c64223b7d656d61696c5f73656e747c733a32333a224572726f7220696e2073656e64696e6720456d61696c2e223b74656d70557365727c733a33323a2231333630393438323836346365383962626233666363322e3839373235323635223b),
('1577764017a5c953671c068be32713ea55212510', '113.211.211.58', 1691258926, 0x5f5f63695f6c6173745f726567656e65726174657c693a313639313235383932363b74656d70557365727c733a33323a2235353930303133363236346365386333366266333238352e3937313734343939223b),
('134ce576399d432cedce241d6d6f02d28c5a1e8e', '34.253.68.90', 1691354781, 0x5f5f63695f6c6173745f726567656e65726174657c693a313639313335343738313b74656d70557365727c733a33323a2239343439303432303236346430303639643436316532312e3133393838313831223b),
('8ab6c481e313457fc999117dd5b7346c5e35cd1d', '113.211.211.58', 1691259111, 0x5f5f63695f6c6173745f726567656e65726174657c693a313639313235393131313b74656d70557365727c733a33333a223138393433373337393036346365393065373630633563322e3232373731393837223b),
('faf2a2d53b41187f5895e5d3dff0d6f75d6c9809', '3.253.255.34', 1691308693, 0x5f5f63695f6c6173745f726567656e65726174657c693a313639313330383639333b74656d70557365727c733a33323a2237383832343536353436346366353239353165353165342e3035323039373235223b),
('36df78caf03b38688850e2dc94eff2586cb83dc3', '205.210.31.162', 1691329961, 0x5f5f63695f6c6173745f726567656e65726174657c693a313639313332393936313b74656d70557365727c733a33333a223132373632323830393736346366613561393139626433392e3135303034393035223b),
('c4f7d34866e31daeeaf2b0ba4bbe91331dfb97a0', '167.94.146.53', 1691364154, 0x5f5f63695f6c6173745f726567656e65726174657c693a313639313336343135343b74656d70557365727c733a33313a22393331323333353536346430326233616462633237342e3633363633343735223b),
('330433746a6ebf835ab411e0005d724d6f05e4b5', '219.92.48.21', 1691418637, 0x5f5f63695f6c6173745f726567656e65726174657c693a313639313431383536383b74656d70557365727c733a33323a2238393637313336393936346430666361303135333136392e3235353035363335223b7573657249647c733a313a2230223b726f6c657c733a313a2231223b726f6c65546578747c733a31363a2250656e7461646269722053697374656d223b6e616d657c733a343a2264656d6f223b6c6173744c6f67696e7c733a31393a22323032332d30382d30362030313a35303a3530223b69734c6f67676564496e7c623a313b),
('735b54971376b8e09f3dc9f41ae5ffeda0795f46', '219.92.48.21', 1691418568, 0x5f5f63695f6c6173745f726567656e65726174657c693a313639313431383536383b74656d70557365727c733a33323a2238393637313336393936346430666361303135333136392e3235353035363335223b7573657249647c733a313a2230223b726f6c657c733a313a2231223b726f6c65546578747c733a31363a2250656e7461646269722053697374656d223b6e616d657c733a343a2264656d6f223b6c6173744c6f67696e7c733a31393a22323032332d30382d30362030313a35303a3530223b69734c6f67676564496e7c623a313b),
('31639353c3487139ce5eeab237e5a72e6405fa6e', '24.199.100.169', 1691447678, 0x5f5f63695f6c6173745f726567656e65726174657c693a313639313434373637383b74656d70557365727c733a33323a2231373930303936303436346431373137653134343330302e3634323132383937223b),
('bbcab681449cbd9d25d4c77e6baf1a4535c046c1', '167.94.146.59', 1691465772, 0x5f5f63695f6c6173745f726567656e65726174657c693a313639313436353737323b74656d70557365727c733a33323a2238393236393336373836346431623832633236353164362e3134323833393431223b),
('37acc145d93f42d83ba73161d188a519260b18ef', '167.94.145.59', 1691575006, 0x5f5f63695f6c6173745f726567656e65726174657c693a313639313537353030363b74656d70557365727c733a33333a223138343536363632303636346433363264656564663866342e3832303531343335223b),
('4d7bcf97bb999431774b615b963c68fd1ff9424c', '167.94.138.34', 1691601744, 0x5f5f63695f6c6173745f726567656e65726174657c693a313639313630313734343b74656d70557365727c733a33323a2236353332303630343736346433636235303235343934372e3938353635303035223b),
('b225dcbba1e004d905751bbc0d83df388300bf35', '157.90.209.81', 1691739126, 0x5f5f63695f6c6173745f726567656e65726174657c693a313639313733393132363b),
('54f052b953169311b46f625f8befca7b4cad610f', '167.94.145.54', 1691820895, 0x5f5f63695f6c6173745f726567656e65726174657c693a313639313832303839353b74656d70557365727c733a33333a223138383935383839373036346437323335666230656566382e3939313039313433223b),
('63cd50f109f7cdee2c9891b6da8cb6e07f7cd1cb', '162.142.125.215', 1691830021, 0x5f5f63695f6c6173745f726567656e65726174657c693a313639313833303032313b74656d70557365727c733a33333a223131323039303932373936346437343730356161663337312e3334363038393936223b),
('b0f40a82f344470da404c630aabd234434b59c59', '87.236.176.74', 1691914569, 0x5f5f63695f6c6173745f726567656e65726174657c693a313639313931343536393b74656d70557365727c733a33333a223135303230363736303636346438393134393036396663312e3939313837303333223b),
('a9c82db53598bfde5a34ce6e0d4aef85a4629e6f', '87.236.176.23', 1691939392, 0x5f5f63695f6c6173745f726567656e65726174657c693a313639313933393339323b74656d70557365727c733a33333a223136323732373135323136346438663234303462636538382e3630303330343831223b),
('21ff34ab5087504e08634ebfb727bb48b1e464dc', '87.236.176.84', 1691946031, 0x5f5f63695f6c6173745f726567656e65726174657c693a313639313934363033313b74656d70557365727c733a33333a223135393334363334383336346439306332666536616238382e3235373732333532223b),
('705ea6e7f08120f2e1f92895dd63a1e477b8b35c', '143.244.129.126', 1692015746, 0x5f5f63695f6c6173745f726567656e65726174657c693a313639323031353734363b74656d70557365727c733a33323a2235393138363633353636346461316338323232626430322e3837333139343538223b),
('83e36a696adff25e734738dcc15ff77ae525a4a9', '143.244.129.126', 1692015746, 0x5f5f63695f6c6173745f726567656e65726174657c693a313639323031353734363b74656d70557365727c733a33333a223132373838353937363336346461316338326530663165362e3533303837373639223b),
('82e298f8bd7a425c40826cd92aa129d02fab4a91', '87.236.176.81', 1692312302, 0x5f5f63695f6c6173745f726567656e65726174657c693a313639323331323330323b74656d70557365727c733a33333a223137303133303630303036346465613265653533636664372e3534383439333338223b),
('0a0a9f60589503722cdccdb46b9954ef214a668d', '113.211.210.67', 1692196456, 0x5f5f63695f6c6173745f726567656e65726174657c693a313639323139363435363b74656d70557365727c733a33333a223134303635313631353136346463646536383534633539302e3534323235353831223b),
('f8ec4c5d376d90da2d365eda96e67f952d5d0c3b', '113.211.210.67', 1692196547, 0x5f5f63695f6c6173745f726567656e65726174657c693a313639323139363532303b74656d70557365727c733a33323a2232303637393333383536346463646561386234613238372e3032303030333138223b),
('126025aaadd062121f6d577fe315b39403b1ca89', '180.75.252.12', 1692196688, 0x5f5f63695f6c6173745f726567656e65726174657c693a313639323139363638383b74656d70557365727c733a33323a2231343131373730383336346463646635303263346237302e3437353537313836223b),
('59292f53032ba191134cd416ce6be9da2eab12b8', '183.171.97.170', 1692409521, 0x5f5f63695f6c6173745f726567656e65726174657c693a313639323430393532313b74656d70557365727c733a33333a223231323535323736393136346530316562313464623931342e3534323035383633223b),
('f376ff923400f769629ab80bdb83a703c18fc7e5', '183.171.100.210', 1692411437, 0x5f5f63695f6c6173745f726567656e65726174657c693a313639323431313433373b74656d70557365727c733a33323a2239393336333738343536346530323263613933636238382e3834353839393039223b),
('b9250737c4d06bdd5b19634ba3152c1d98262e30', '183.171.170.148', 1692412875, 0x5f5f63695f6c6173745f726567656e65726174657c693a313639323431323837353b74656d70557365727c733a33333a223138343232343434313636346530323732353263383261302e3737303034353939223b),
('11017cc9a6317f25303948d6c341148fcb7db279', '183.171.170.152', 1692412982, 0x5f5f63695f6c6173745f726567656e65726174657c693a313639323431323837353b74656d70557365727c733a33333a223138343232343434313636346530323732353263383261302e3737303034353939223b7573657249647c733a313a2230223b726f6c657c733a313a2231223b726f6c65546578747c733a31363a2250656e7461646269722053697374656d223b6e616d657c733a343a2264656d6f223b6c6173744c6f67696e7c733a31393a22323032332d30382d31362032323a33343a3538223b69734c6f67676564496e7c623a313b),
('1dd070d92628c605f54114148b61a74fcea3d76c', '202.133.98.188', 1692417352, 0x5f5f63695f6c6173745f726567656e65726174657c693a313639323431373335323b74656d70557365727c733a33323a2235353330313336383336346530336434383965363630362e3338393432383236223b),
('b6d7ed8dc363efa97f4cd5cf79dba0c026223a61', '27.125.249.31', 1692422105, 0x5f5f63695f6c6173745f726567656e65726174657c693a313639323432313939323b74656d70557365727c733a33333a223130343339383734373936346530346636386133656166332e3430383637303636223b),
('3069138cf3c44ac4af12fe07241541ff3162b24c', '202.133.98.188', 1692417291, 0x5f5f63695f6c6173745f726567656e65726174657c693a313639323431373239313b74656d70557365727c733a33323a2236343132393631323936346530336261663464336266332e3830353031383632223b7573657249647c733a313a2230223b726f6c657c733a313a2231223b726f6c65546578747c733a31363a2250656e7461646269722053697374656d223b6e616d657c733a343a2264656d6f223b6c6173744c6f67696e7c733a31393a22323032332d30382d31392031313a34343a3436223b69734c6f67676564496e7c623a313b),
('4e08a2a46fc4719055dadb9b21258b4b2de77293', '27.125.241.67', 1692451894, 0x5f5f63695f6c6173745f726567656e65726174657c693a313639323435313739363b74656d70557365727c733a33333a223135383730303034393136346530633364346361643033382e3439353938373338223b7573657249647c733a313a2233223b726f6c657c733a313a2232223b726f6c65546578747c733a31303a2241686c69204269617361223b6e616d657c733a32323a22416d7a6172692042696e204d6f686420526f736c616e223b6c6173744c6f67696e7c733a31393a22323032332d30382d31392031303a31383a3234223b69734c6f67676564496e7c623a313b),
('d3c7a520a646ff0df5a8e2486086c912cbccd1fc', '27.125.249.22', 1692451791, 0x5f5f63695f6c6173745f726567656e65726174657c693a313639323435313736353b74656d70557365727c733a33333a223131323737353330383236346530633362356333653734362e3137313034323837223b),
('8bfd5a9513c8943aa9580ecffbbc1e9a8851bd0e', '87.236.176.134', 1692471564, 0x5f5f63695f6c6173745f726567656e65726174657c693a313639323437313536343b74656d70557365727c733a33333a223230383330383038323936346531313130633935336162362e3438333538313037223b),
('1aae75409454e73bd4a0f3f57b46954432d9d0a2', '183.171.100.88', 1692492703, 0x5f5f63695f6c6173745f726567656e65726174657c693a313639323439323730333b),
('af1263767f140c570735bad54abe94a7fa711fd2', '27.125.249.79', 1692513080, 0x5f5f63695f6c6173745f726567656e65726174657c693a313639323531333038303b74656d70557365727c733a33323a2233333636393836363936346531623333383132383835322e3035383034393031223b),
('c4345a7fe28dc4e87a302d15785db1c9992d631c', '52.167.144.60', 1692515796, 0x5f5f63695f6c6173745f726567656e65726174657c693a313639323531353739363b74656d70557365727c733a33333a223137323235393934333536346531626464343464313439302e3535393733323839223b),
('374269f7fb70d78fafa46656c0c0e872a1d383a4', '87.236.176.97', 1692542262, 0x5f5f63695f6c6173745f726567656e65726174657c693a313639323534323236323b74656d70557365727c733a33323a2233353337323432313236346532323533363337613833372e3836353136353130223b),
('77fc1b8da15a735f6b22e60961857297eada0bd9', '87.236.176.50', 1692589969, 0x5f5f63695f6c6173745f726567656e65726174657c693a313639323538393936393b74656d70557365727c733a33333a223139303332303536343036346532646639313233636232342e3031333237333838223b),
('880ce5e0f1b1725637799e12d6f2709e6ba3ceb8', '87.236.176.223', 1692599977, 0x5f5f63695f6c6173745f726567656e65726174657c693a313639323539393937373b74656d70557365727c733a33323a2235373132313334313936346533303661396332653339332e3235363139333139223b),
('7403e0be4b6b64e13ea1272240cc6630f3e90d5f', '183.171.170.69', 1692662286, 0x5f5f63695f6c6173745f726567656e65726174657c693a313639323636323238363b),
('7bd4070522ad6ad5833805599509d02d991afc8d', '183.171.95.227', 1692672410, 0x5f5f63695f6c6173745f726567656e65726174657c693a313639323637323431303b),
('29371108adbd9c9461e8ca173881d37660af7e30', '183.171.96.165', 1692677297, 0x5f5f63695f6c6173745f726567656e65726174657c693a313639323637373239373b74656d70557365727c733a33333a223132393933373230313336346534333462313336643139362e3130383237333936223b),
('d9e055f9b514a7728f1812354c5a3058363ca71e', '14.192.214.56', 1692710543, 0x5f5f63695f6c6173745f726567656e65726174657c693a313639323731303534333b),
('e31dd62961442f57a3a065d477c474c1d2694927', '205.210.31.3', 1692717888, 0x5f5f63695f6c6173745f726567656e65726174657c693a313639323731373838383b74656d70557365727c733a33323a2231323336323133303936346534643334303461356235382e3235393239313236223b),
('f4ff823f6514fa127b563890c199d134b396e19d', '198.235.24.92', 1692742561, 0x5f5f63695f6c6173745f726567656e65726174657c693a313639323734323536313b74656d70557365727c733a33323a2232333437303737343436346535333361313437666363302e3939323231333234223b),
('1e9cfb71c313837dbed7b544ab2f96d2237f3461', '183.171.174.142', 1692748682, 0x5f5f63695f6c6173745f726567656e65726174657c693a313639323734383638323b),
('a2ca43d64f1b9c4e9c180a24f113aeff713fd02e', '183.171.170.112', 1692796776, 0x5f5f63695f6c6173745f726567656e65726174657c693a313639323739363737363b74656d70557365727c733a33323a2232353433393439363436346536303566633634316563342e3039313038363539223b7573657249647c733a313a2230223b726f6c657c733a313a2231223b726f6c65546578747c733a31363a2250656e7461646269722053697374656d223b6e616d657c733a343a2264656d6f223b6c6173744c6f67696e7c733a31393a22323032332d30382d31392032313a32383a3239223b69734c6f67676564496e7c623a313b),
('81bc27bc9d342e0083df824a13f046fe0deaba04', '183.171.170.112', 1692797079, 0x5f5f63695f6c6173745f726567656e65726174657c693a313639323739373037393b74656d70557365727c733a33323a2232353433393439363436346536303566633634316563342e3039313038363539223b7573657249647c733a313a2230223b726f6c657c733a313a2231223b726f6c65546578747c733a31363a2250656e7461646269722053697374656d223b6e616d657c733a343a2264656d6f223b6c6173744c6f67696e7c733a31393a22323032332d30382d31392032313a32383a3239223b69734c6f67676564496e7c623a313b),
('38984585a79266b0934b5919f674436a434bc4eb', '183.171.171.255', 1693026291, 0x5f5f63695f6c6173745f726567656e65726174657c693a313639333032363239313b),
('ebdc0994a4d74a06d721b38065da61b27b4cd1ed', '183.171.170.112', 1692797535, 0x5f5f63695f6c6173745f726567656e65726174657c693a313639323739373533353b74656d70557365727c733a33323a2231343532353433303736346536306135666336613262322e3134363333343634223b),
('96ff508d266700100a2b2aff20c60adc912dc2df', '167.248.133.188', 1693025799, 0x5f5f63695f6c6173745f726567656e65726174657c693a313639333032353739393b74656d70557365727c733a33333a223130363732333731373536346539383630373465353633332e3831343438383033223b),
('a3ddadeecebb3c58979cb251e6da6a5fba6becb4', '167.248.133.34', 1693036183, 0x5f5f63695f6c6173745f726567656e65726174657c693a313639333033363138333b74656d70557365727c733a33323a2239323436343935373136346539616539373538393465312e3739373533393536223b),
('36f9f2fea7f98feb5a2d18bc49452b7474147291', '103.49.25.2', 1693200350, 0x5f5f63695f6c6173745f726567656e65726174657c693a313639333230303335303b74656d70557365727c733a33323a2237313033353338373436346563313830363633396537352e3534353332383739223b7573657249647c733a313a2230223b726f6c657c733a313a2231223b726f6c65546578747c733a31363a2250656e7461646269722053697374656d223b6e616d657c733a343a2264656d6f223b6c6173744c6f67696e7c733a31393a22323032332d30382d32382031313a34313a3233223b69734c6f67676564496e7c623a313b),
('c5227636ac007d3db8e13b27e165a9ff913909b6', '103.49.25.2', 1693200350, 0x5f5f63695f6c6173745f726567656e65726174657c693a313639333230303335303b74656d70557365727c733a33333a223137393739323132313536346563326664653635346462362e3332363732383833223b),
('630a3b6a18b3ca089ea6a8c4e9c5d2abd582eecc', '206.81.17.74', 1693217024, 0x5f5f63695f6c6173745f726567656e65726174657c693a313639333231373032343b74656d70557365727c733a33323a2234363838353432303036346563373130306263633962332e3530323030373133223b),
('1a99d86005215c09934086fda7319ff77542c856', '206.81.17.74', 1693217025, 0x5f5f63695f6c6173745f726567656e65726174657c693a313639333231373032353b74656d70557365727c733a33333a223137353733393535363836346563373130316233633033332e3837393938353538223b),
('1e4ca88decb87765071f7f3333c0613e70847462', '103.49.25.2', 1693278534, 0x5f5f63695f6c6173745f726567656e65726174657c693a313639333237383533343b74656d70557365727c733a33323a2237323636313031343336346564363030326339636462322e3335383839313538223b),
('a9cb8d02c7ee901415cc23498f0e6311574930ee', '103.49.25.2', 1693279451, 0x5f5f63695f6c6173745f726567656e65726174657c693a313639333237393435313b74656d70557365727c733a33333a223130313937313931363936346564363162313063323531392e3832333339373835223b),
('11c8d7c72cf90a8658859b4a95b95c320617e10d', '113.211.128.42', 1693278798, 0x5f5f63695f6c6173745f726567656e65726174657c693a313639333237383739383b74656d70557365727c733a33333a223138323132343636373736346564363234653132643134322e3532333434373232223b),
('dfb90a5deff2b86e958e025b662c84569ef7bfa7', '103.49.25.2', 1693279451, 0x5f5f63695f6c6173745f726567656e65726174657c693a313639333237393435313b74656d70557365727c733a33333a223130313937313931363936346564363162313063323531392e3832333339373835223b),
('e883cf4ddc0d168f09537bb9ee37e951d719194d', '103.49.25.2', 1693285493, 0x5f5f63695f6c6173745f726567656e65726174657c693a313639333238353439333b74656d70557365727c733a33323a2233313536323730323136346564376233386331373964332e3638343832313335223b7573657249647c733a313a2230223b726f6c657c733a313a2231223b726f6c65546578747c733a31363a2250656e7461646269722053697374656d223b6e616d657c733a343a2264656d6f223b6c6173744c6f67696e7c733a31393a22323032332d30382d32392031313a30393a3135223b69734c6f67676564496e7c623a313b),
('6d546cef99b435a651643c9709ea01d982fa5b6e', '103.49.25.2', 1693289571, 0x5f5f63695f6c6173745f726567656e65726174657c693a313639333238393537313b74656d70557365727c733a33323a2233313536323730323136346564376233386331373964332e3638343832313335223b7573657249647c733a313a2230223b726f6c657c733a313a2231223b726f6c65546578747c733a31363a2250656e7461646269722053697374656d223b6e616d657c733a343a2264656d6f223b6c6173744c6f67696e7c733a31393a22323032332d30382d32392031313a30393a3135223b69734c6f67676564496e7c623a313b),
('feba5ece4ab373e9a326892851a1dbcf99f078e5', '103.49.25.2', 1693294791, 0x5f5f63695f6c6173745f726567656e65726174657c693a313639333239343739313b74656d70557365727c733a33323a2233313536323730323136346564376233386331373964332e3638343832313335223b7573657249647c733a313a2230223b726f6c657c733a313a2231223b726f6c65546578747c733a31363a2250656e7461646269722053697374656d223b6e616d657c733a343a2264656d6f223b6c6173744c6f67696e7c733a31393a22323032332d30382d32392031313a30393a3135223b69734c6f67676564496e7c623a313b),
('9610bbce5e238c63df46463fc0db717571f02475', '103.49.25.2', 1693296812, 0x5f5f63695f6c6173745f726567656e65726174657c693a313639333239363831323b74656d70557365727c733a33323a2233313536323730323136346564376233386331373964332e3638343832313335223b7573657249647c733a313a2230223b726f6c657c733a313a2231223b726f6c65546578747c733a31363a2250656e7461646269722053697374656d223b6e616d657c733a343a2264656d6f223b6c6173744c6f67696e7c733a31393a22323032332d30382d32392031313a30393a3135223b69734c6f67676564496e7c623a313b),
('070c1bffb5519346cac600d3011e0c1ee2c76f72', '103.49.25.2', 1693296886, 0x5f5f63695f6c6173745f726567656e65726174657c693a313639333239363831323b74656d70557365727c733a33323a2233313536323730323136346564376233386331373964332e3638343832313335223b7573657249647c733a313a2230223b726f6c657c733a313a2231223b726f6c65546578747c733a31363a2250656e7461646269722053697374656d223b6e616d657c733a343a2264656d6f223b6c6173744c6f67696e7c733a31393a22323032332d30382d32392031313a30393a3135223b69734c6f67676564496e7c623a313b),
('b4f87ccdf3a412be2c3ffed15858433daa9b132c', '183.171.69.125', 1693304077, 0x5f5f63695f6c6173745f726567656e65726174657c693a313639333330343037373b74656d70557365727c733a33333a223231323831313439333836346564633530646164656337352e3536393432363137223b),
('b54e69c92e6bce317cc3df259b37e2e5c16b9888', '103.49.25.2', 1693357866, 0x5f5f63695f6c6173745f726567656e65726174657c693a313639333335373836363b),
('932fbe36c214908e74ea2028a584b2c351e6e91c', '103.49.25.2', 1693362611, 0x5f5f63695f6c6173745f726567656e65726174657c693a313639333336323631313b74656d70557365727c733a33323a2239393639313935313136346565396431343436636166302e3230313533333237223b7573657249647c733a313a2230223b726f6c657c733a313a2231223b726f6c65546578747c733a31363a2250656e7461646269722053697374656d223b6e616d657c733a343a2264656d6f223b6c6173744c6f67696e7c733a31393a22323032332d30382d32392031333a30303a3035223b69734c6f67676564496e7c623a313b),
('b33c1802a9583aeb7ae47e97e2244484fda08d0d', '103.49.25.2', 1693363179, 0x5f5f63695f6c6173745f726567656e65726174657c693a313639333336333137393b74656d70557365727c733a33323a2239393639313935313136346565396431343436636166302e3230313533333237223b7573657249647c733a313a2230223b726f6c657c733a313a2231223b726f6c65546578747c733a31363a2250656e7461646269722053697374656d223b6e616d657c733a343a2264656d6f223b6c6173744c6f67696e7c733a31393a22323032332d30382d32392031333a30303a3035223b69734c6f67676564496e7c623a313b),
('aaa6394c0bbbd7284e9a17349a14bc0d4cfa1232', '103.49.25.2', 1693363397, 0x5f5f63695f6c6173745f726567656e65726174657c693a313639333336333137393b74656d70557365727c733a33323a2239393639313935313136346565396431343436636166302e3230313533333237223b7573657249647c733a313a2230223b726f6c657c733a313a2231223b726f6c65546578747c733a31363a2250656e7461646269722053697374656d223b6e616d657c733a343a2264656d6f223b6c6173744c6f67696e7c733a31393a22323032332d30382d32392031333a30303a3035223b69734c6f67676564496e7c623a313b),
('5f53d1c5b43f98db1cf4ac31f9f33570553ec182', '219.92.40.123', 1693623032, 0x5f5f63695f6c6173745f726567656e65726174657c693a313639333632333030393b74656d70557365727c733a33333a223136303139323837343136346632613265316261373233332e3636353034303131223b7573657249647c733a313a2230223b726f6c657c733a313a2231223b726f6c65546578747c733a31363a2250656e7461646269722053697374656d223b6e616d657c733a343a2264656d6f223b6c6173744c6f67696e7c733a31393a22323032332d30382d33302030393a33363a3239223b69734c6f67676564496e7c623a313b),
('c5b70fcea597219a340fea36e9a9e1d976338bf3', '52.167.144.25', 1693681607, 0x5f5f63695f6c6173745f726567656e65726174657c693a313639333638313630373b74656d70557365727c733a33323a2236353138383636313136346633383763373732303662302e3433393331373130223b),
('865fc5e136c22b6731970198497c80f7cbd8d631', '52.167.144.160', 1693723102, 0x5f5f63695f6c6173745f726567656e65726174657c693a313639333732333130313b74656d70557365727c733a33323a2237373635303232303836346634323964646565336361322e3839303639303437223b),
('1ab4ecc6ec65dde74030054c35c412ee428a9f82', '52.167.144.186', 1693723268, 0x5f5f63695f6c6173745f726567656e65726174657c693a313639333732333236383b),
('2cfe6896756c7aed8bccc2e36db481bf4fcc35af', '52.167.144.186', 1693723270, 0x5f5f63695f6c6173745f726567656e65726174657c693a313639333732333237303b),
('112998d55ea674953672aa0038082e6e29117856', '52.167.144.186', 1693723278, 0x5f5f63695f6c6173745f726567656e65726174657c693a313639333732333237383b74656d70557365727c733a33333a223139383936343138313236346634326138653666386536302e3638383531353635223b),
('7c3eb4238cf0df510b1efff00d3526bee3054236', '183.136.225.45', 1693839978, 0x5f5f63695f6c6173745f726567656e65726174657c693a313639333833393937383b74656d70557365727c733a33333a223137393930383338363336346635663236616262306438302e3232343436353036223b),
('fca8b1ca12589c64da80a71f1dbc84f5626a0ecb', '183.136.225.45', 1693840816, 0x5f5f63695f6c6173745f726567656e65726174657c693a313639333834303831363b74656d70557365727c733a33323a2238393235393331393936346635663562303738393839342e3235303734383633223b),
('539f329bc226cad696c64c9789a7848ba37b8567', '52.167.144.230', 1693901741, 0x5f5f63695f6c6173745f726567656e65726174657c693a313639333930313734313b),
('9a663c5a60e8c2650a6bb9c90c36e4ba9be04564', '40.77.167.79', 1693902030, 0x5f5f63695f6c6173745f726567656e65726174657c693a313639333930323033303b74656d70557365727c733a33323a2235393039393336323036346636653463656139663564382e3232333937313439223b),
('be40033be7908a8941a99531da6236c18e2f42bf', '52.167.144.182', 1693950665, 0x5f5f63695f6c6173745f726567656e65726174657c693a313639333935303636353b),
('712c19692e2cdda04e2861dc3b722846cf9e9bfd', '52.167.144.170', 1693958807, 0x5f5f63695f6c6173745f726567656e65726174657c693a313639333935383830373b74656d70557365727c733a33323a2234373134313530373336346637633239376466346234352e3634393239323636223b),
('980f99ffdf3e50dff9c931ec568bdac9eff6f0ad', '103.49.25.2', 1693965829, 0x5f5f63695f6c6173745f726567656e65726174657c693a313639333936353832393b74656d70557365727c733a33333a223132383736393839373636346637646339633964653861302e3531303632333731223b7573657249647c733a313a2230223b726f6c657c733a313a2231223b726f6c65546578747c733a31363a2250656e7461646269722053697374656d223b6e616d657c733a343a2264656d6f223b6c6173744c6f67696e7c733a31393a22323032332d30392d30322031303a35303a3234223b69734c6f67676564496e7c623a313b),
('a7e6e4428cdd055aa17b1bd4cd060dc95f9d6f33', '103.49.25.2', 1693966708, 0x5f5f63695f6c6173745f726567656e65726174657c693a313639333936363730383b74656d70557365727c733a33333a223132383736393839373636346637646339633964653861302e3531303632333731223b7573657249647c733a313a2230223b726f6c657c733a313a2231223b726f6c65546578747c733a31363a2250656e7461646269722053697374656d223b6e616d657c733a343a2264656d6f223b6c6173744c6f67696e7c733a31393a22323032332d30392d30322031303a35303a3234223b69734c6f67676564496e7c623a313b),
('60afdf6831b3852e1dcb53e404206e4618296e7f', '103.49.25.2', 1693968105, 0x5f5f63695f6c6173745f726567656e65726174657c693a313639333936383130353b74656d70557365727c733a33333a223132383736393839373636346637646339633964653861302e3531303632333731223b7573657249647c733a313a2230223b726f6c657c733a313a2231223b726f6c65546578747c733a31363a2250656e7461646269722053697374656d223b6e616d657c733a343a2264656d6f223b6c6173744c6f67696e7c733a31393a22323032332d30392d30322031303a35303a3234223b69734c6f67676564496e7c623a313b),
('7ec655d7a5995af7d38b5123597d3a42155e7ba7', '103.49.25.2', 1693968105, 0x5f5f63695f6c6173745f726567656e65726174657c693a313639333936383130353b74656d70557365727c733a33333a223132383736393839373636346637646339633964653861302e3531303632333731223b7573657249647c733a313a2230223b726f6c657c733a313a2231223b726f6c65546578747c733a31363a2250656e7461646269722053697374656d223b6e616d657c733a343a2264656d6f223b6c6173744c6f67696e7c733a31393a22323032332d30392d30322031303a35303a3234223b69734c6f67676564496e7c623a313b),
('5e458fd035de7a4a59959197f395001cbfa73ae9', '163.5.169.34', 1693969260, 0x5f5f63695f6c6173745f726567656e65726174657c693a313639333936393236303b74656d70557365727c733a33333a223130383332353833303036346637656236633965633866362e3232373532323032223b),
('609faf32953381d5aba9c2ad7b904fe74883eff0', '52.167.144.207', 1693975014, 0x5f5f63695f6c6173745f726567656e65726174657c693a313639333937353031333b),
('7d6b98dd31a2afc2bb3db6272f9c2e7defe64a8c', '103.49.25.2', 1693978653, 0x5f5f63695f6c6173745f726567656e65726174657c693a313639333937383635333b),
('ad16f7631ee12b775a444eba5504b063d26959e2', '115.135.93.204', 1693992508, 0x5f5f63695f6c6173745f726567656e65726174657c693a313639333939323431363b74656d70557365727c733a33323a2236303433343433393436346638343565306236386634302e3033333931363030223b),
('66bb825dde91953fd77f5d762acb3eabaa1de295', '52.167.144.196', 1694037323, 0x5f5f63695f6c6173745f726567656e65726174657c693a313639343033373332333b),
('16cb48bce33c62865d58de23869b2221b328ef80', '40.77.167.64', 1694039254, 0x5f5f63695f6c6173745f726567656e65726174657c693a313639343033393235343b74656d70557365727c733a33333a223139313336313133373436346638666364366362656463382e3038303433343138223b),
('ced2cd14067bcedf5006c5a548be74a6613a94fd', '103.49.25.2', 1694048785, 0x5f5f63695f6c6173745f726567656e65726174657c693a313639343034383738353b),
('f639b926d3907a0b9ee6a58cb8a638addb6a78e6', '103.49.25.2', 1694056350, 0x5f5f63695f6c6173745f726567656e65726174657c693a313639343035363334313b7573657249647c733a313a2230223b726f6c657c733a313a2231223b726f6c65546578747c733a31363a2250656e7461646269722053697374656d223b6e616d657c733a343a2264656d6f223b6c6173744c6f67696e7c733a31393a22323032332d30392d30362030393a35383a3035223b69734c6f67676564496e7c623a313b),
('6093e6f37d26e72c0dfb700cfe8b363291b69f1c', '180.72.72.207', 1694079818, 0x5f5f63695f6c6173745f726567656e65726174657c693a313639343037393831383b74656d70557365727c733a33323a2233323131323133373936346639393864623364646161312e3633383731363430223b),
('076c002a1df6d9bce4ef3c43e1480124e429ad57', '180.72.72.207', 1694080043, 0x5f5f63695f6c6173745f726567656e65726174657c693a313639343037393831383b74656d70557365727c733a33323a2233323131323133373936346639393864623364646161312e3633383731363430223b7573657249647c733a313a2230223b726f6c657c733a313a2231223b726f6c65546578747c733a31363a2250656e7461646269722053697374656d223b6e616d657c733a343a2264656d6f223b6c6173744c6f67696e7c733a31393a22323032332d30392d30372031313a31323a3232223b69734c6f67676564496e7c623a313b),
('db61d381986b654b7c14f5fb80c63b6fd2ed93f2', '34.241.185.157', 1694092600, 0x5f5f63695f6c6173745f726567656e65726174657c693a313639343039323630303b74656d70557365727c733a33323a2233373137313836383736346639636433383261393338322e3535393236353330223b),
('81113c965fe8a6d4673b64def35c22868b6a4c24', '52.167.144.199', 1694105319, 0x5f5f63695f6c6173745f726567656e65726174657c693a313639343130353331393b),
('974211f205e1d118df668da2a4bd3eab0599681e', '40.77.167.79', 1694119542, 0x5f5f63695f6c6173745f726567656e65726174657c693a313639343131393534323b74656d70557365727c733a33323a2236343335383032383636346661333637363935373966312e3236373932303134223b),
('633ce6d58b118dd7ed444f3b0084aa3732b423e6', '85.209.176.69', 1694127211, 0x5f5f63695f6c6173745f726567656e65726174657c693a313639343132373231303b74656d70557365727c733a33333a223137353430343230333736346661353436623933623738312e3732363236383137223b),
('7816d73f66a64d777843edf0cb936460c3fa3f0c', '167.248.133.38', 1694185218, 0x5f5f63695f6c6173745f726567656e65726174657c693a313639343138353231383b74656d70557365727c733a33333a223133303238353931373536346662333730323937396164392e3334393336333038223b),
('d209c4069fbb57e167bf3a9861c5ce9080085926', '167.248.133.51', 1694186361, 0x5f5f63695f6c6173745f726567656e65726174657c693a313639343138363336313b74656d70557365727c733a33323a2234363538333431393836346662336237396134666265332e3137343730363834223b),
('2072f137ff01e3a7b8e4d31c6be85ae327ea85d8', '87.236.176.102', 1694370668, 0x5f5f63695f6c6173745f726567656e65726174657c693a313639343337303636383b74656d70557365727c733a33333a223231323231373337323736346665306236633838646666352e3038323435313739223b),
('a069c06a27618cde34c36ad0e06bd6f58405a771', '85.209.176.54', 1694370786, 0x5f5f63695f6c6173745f726567656e65726174657c693a313639343337303738353b74656d70557365727c733a33333a223136333335303630363636346665306265323136656232312e3531303832323134223b),
('f6e2c3108baaff3152b4e748c216cd1c74eac129', '87.236.176.123', 1694371951, 0x5f5f63695f6c6173745f726567656e65726174657c693a313639343337313935303b74656d70557365727c733a33333a223137323534303937323536346665313036656633666266302e3832303435313435223b),
('e663aa5bb3d8c776364ba109cb3860503c84d7d8', '52.167.144.168', 1694391553, 0x5f5f63695f6c6173745f726567656e65726174657c693a313639343339313535333b74656d70557365727c733a33323a2231373638383535373636346665356430313237353363392e3832373832343735223b),
('a03de4b57acb2dc642dc711cd70f303c7188f622', '103.49.25.2', 1694394583, 0x5f5f63695f6c6173745f726567656e65726174657c693a313639343339343533393b74656d70557365727c733a33333a223139303434363136303536346665363861623162623363362e3734363136353331223b7573657249647c733a313a2230223b726f6c657c733a313a2231223b726f6c65546578747c733a31363a2250656e7461646269722053697374656d223b6e616d657c733a343a2264656d6f223b6c6173744c6f67696e7c733a31393a22323032332d30392d30372031373a34343a3137223b69734c6f67676564496e7c623a313b);
INSERT INTO `ci_sessions` (`id`, `ip_address`, `timestamp`, `data`) VALUES
('2400dae69d2c55108c8a2ce22764a723e714fbd0', '40.77.167.76', 1694417323, 0x5f5f63695f6c6173745f726567656e65726174657c693a313639343431373332333b),
('f20ea271a2fea7bbf36847ac4e9bc743a67f385a', '52.167.144.184', 1694417440, 0x5f5f63695f6c6173745f726567656e65726174657c693a313639343431373434303b),
('5822a17e6faca9f7d53fb31aa571fded8d619ca0', '146.190.33.131', 1694437615, 0x5f5f63695f6c6173745f726567656e65726174657c693a313639343433373631343b74656d70557365727c733a33333a223132343731383035303836346666313065656633373066312e3334363230353730223b),
('70e49bbef667cb7abacde96046151bcd782e16ce', '146.190.33.131', 1694437616, 0x5f5f63695f6c6173745f726567656e65726174657c693a313639343433373631363b74656d70557365727c733a33333a223131323635313033393236346666313066303037653363342e3938393037323239223b),
('3b38f3f400d4c1f478d223818e28b1cb945b3a71', '52.167.144.25', 1694512263, 0x5f5f63695f6c6173745f726567656e65726174657c693a313639343531323236333b),
('2ec226f9d898f36098dd72f4209280dcfe722670', '52.167.144.17', 1694576944, 0x5f5f63695f6c6173745f726567656e65726174657c693a313639343537363934333b),
('242d67362da4ae269851a63f9cc220fef599cd50', '103.49.25.2', 1694591588, 0x5f5f63695f6c6173745f726567656e65726174657c693a313639343539313538383b74656d70557365727c733a33333a223136343039323838333336353031363732346232626637312e3437303637313039223b7573657249647c733a313a2230223b726f6c657c733a313a2231223b726f6c65546578747c733a31363a2250656e7461646269722053697374656d223b6e616d657c733a343a2264656d6f223b6c6173744c6f67696e7c733a31393a22323032332d30392d31312030393a30393a3037223b69734c6f67676564496e7c623a313b),
('34d505da6871ab4251c74065924827675d273480', '103.49.25.2', 1694591588, 0x5f5f63695f6c6173745f726567656e65726174657c693a313639343539313538383b74656d70557365727c733a33333a223138393336323430363036353031366136343236313132362e3433373133323036223b),
('54f9ea92ee4a187830d8fe634cacfacd00e885ca', '52.167.144.206', 1694601798, 0x5f5f63695f6c6173745f726567656e65726174657c693a313639343630313739383b),
('976f371cc5d26fc229dfa777a5920b42b47f188a', '40.77.167.123', 1694607897, 0x5f5f63695f6c6173745f726567656e65726174657c693a313639343630373839373b),
('10d2d1550951b8ce2253848d30ebdd518aebbb17', '52.167.144.195', 1694650108, 0x5f5f63695f6c6173745f726567656e65726174657c693a313639343635303130383b74656d70557365727c733a33323a2237313731323637363436353032346566633361393165372e3437343031343334223b),
('e511f0ed06c816fcd8e8aeb6c646e9c7338c6755', '52.167.144.199', 1694658401, 0x5f5f63695f6c6173745f726567656e65726174657c693a313639343635383430313b),
('21916e18d8dbc82a3de8225df1b5a58a54baa386', '52.167.144.235', 1694690092, 0x5f5f63695f6c6173745f726567656e65726174657c693a313639343639303039313b),
('0298bcaa3d2309fb8edead4869ee6cedf39d58e1', '175.143.212.86', 1694708405, 0x5f5f63695f6c6173745f726567656e65726174657c693a313639343730383430353b74656d70557365727c733a33323a2236333332343532333436353033316539313835303737392e3937313630343434223b),
('bd5b4a4e82ecd760a126789b77dc55b0cd7b4ec3', '172.225.181.84', 1694706104, 0x5f5f63695f6c6173745f726567656e65726174657c693a313639343730363130343b74656d70557365727c733a33333a223230333134363034313836353033323535656531346562382e3230383337383530223b),
('19985602d3225feb49e54210c2c065013e2c8bd1', '172.225.181.84', 1694706104, 0x5f5f63695f6c6173745f726567656e65726174657c693a313639343730363130343b74656d70557365727c733a33333a223230333134363034313836353033323535656531346562382e3230383337383530223b),
('7932f8e994bcbefa45c8e1055145d627bafb63b3', '175.143.212.86', 1694708405, 0x5f5f63695f6c6173745f726567656e65726174657c693a313639343730383430353b74656d70557365727c733a33323a2236333332343532333436353033316539313835303737392e3937313630343434223b),
('f85ae12af6025f5a5e8cb8a525a6a0fea5366d3c', '183.171.174.181', 1694744422, 0x5f5f63695f6c6173745f726567656e65726174657c693a313639343734343432323b74656d70557365727c733a33333a223130393236383834323236353033626636363866636661382e3437333533383234223b),
('a5922fb7be2f209f4c79ed3f557c767442a1ada6', '1.145.76.122', 1694750270, 0x5f5f63695f6c6173745f726567656e65726174657c693a313639343735303237303b74656d70557365727c733a33313a22343834383235323336353033643530363930303732352e3931343538343538223b),
('f52f46d92853c9b472df3661db4981d5b047844a', '1.145.76.122', 1694750284, 0x5f5f63695f6c6173745f726567656e65726174657c693a313639343735303237303b74656d70557365727c733a33313a22343834383235323336353033643530363930303732352e3931343538343538223b),
('e244a6ec2120344d0209e439746b17859cd1a033', '103.49.25.2', 1694752682, 0x5f5f63695f6c6173745f726567656e65726174657c693a313639343735323638323b74656d70557365727c733a33333a223138393931303531303936353033643938333734613365352e3236373536343739223b7573657249647c733a313a2230223b726f6c657c733a313a2231223b726f6c65546578747c733a31363a2250656e7461646269722053697374656d223b6e616d657c733a343a2264656d6f223b6c6173744c6f67696e7c733a31393a22323032332d30392d31332031353a33393a3338223b69734c6f67676564496e7c623a313b),
('bd2bc38f0d4ca624d3a2f15e5caffe6fd1f424ec', '183.171.90.255', 1694751173, 0x5f5f63695f6c6173745f726567656e65726174657c693a313639343735313137333b74656d70557365727c733a33323a2234313137303734313036353033643963353361366635362e3535363838313037223b),
('3e6e55d70d20258cfc03ba88ae5826dd025c547c', '87.236.176.98', 1694751189, 0x5f5f63695f6c6173745f726567656e65726174657c693a313639343735313138393b74656d70557365727c733a33323a2232363733343836313236353033643964356235643536332e3935313237303636223b),
('160ac61604f3bc6e469886180028cf4143624b53', '103.49.25.2', 1694752682, 0x5f5f63695f6c6173745f726567656e65726174657c693a313639343735323638323b74656d70557365727c733a33333a223138393931303531303936353033643938333734613365352e3236373536343739223b7573657249647c733a313a2230223b726f6c657c733a313a2231223b726f6c65546578747c733a31363a2250656e7461646269722053697374656d223b6e616d657c733a343a2264656d6f223b6c6173744c6f67696e7c733a31393a22323032332d30392d31332031353a33393a3338223b69734c6f67676564496e7c623a313b),
('31f7ed29ae737b30d6c1ccb8f8d41dfe4afcf8b9', '1.145.48.139', 1694763819, 0x5f5f63695f6c6173745f726567656e65726174657c693a313639343736333831393b74656d70557365727c733a33323a2231313932383032373036353034306232623532313965362e3736353436323432223b);

-- --------------------------------------------------------

--
-- Table structure for table `delete_khairat`
--

CREATE TABLE `delete_khairat` (
  `k_id` int(11) NOT NULL,
  `k_date` date DEFAULT NULL,
  `userid` int(11) NOT NULL,
  `k_jenis` varchar(100) DEFAULT NULL,
  `k_amaun` double(20,2) NOT NULL DEFAULT '0.00',
  `k_catatan` text,
  `updatedBy` int(11) NOT NULL,
  `updatedDtm` datetime NOT NULL
) ENGINE=InnoDB DEFAULT CHARSET=latin1;

-- --------------------------------------------------------

--
-- Table structure for table `delete_payment`
--

CREATE TABLE `delete_payment` (
  `p_id` int(11) NOT NULL,
  `p_date` date DEFAULT NULL,
  `userid` int(11) NOT NULL,
  `yid` int(11) NOT NULL,
  `amaun` double(20,2) NOT NULL DEFAULT '0.00',
  `total_amaun` double(20,2) NOT NULL DEFAULT '0.00',
  `attachment` varchar(200) DEFAULT 'default.jpg',
  `status` enum('Belum Selesai','Selesai') NOT NULL DEFAULT 'Belum Selesai',
  `pg_billcode` varchar(100) DEFAULT NULL,
  `pg_transactionid` varchar(100) DEFAULT NULL,
  `pg_msg` varchar(100) DEFAULT NULL,
  `catatan` text,
  `createDtm` datetime DEFAULT NULL,
  `updatedBy` int(11) NOT NULL DEFAULT '0',
  `updatedDtm` datetime NOT NULL DEFAULT CURRENT_TIMESTAMP,
  `isEmailed` tinyint(4) NOT NULL DEFAULT '0'
) ENGINE=InnoDB DEFAULT CHARSET=latin1;

-- --------------------------------------------------------

--
-- Table structure for table `delete_payment_details`
--

CREATE TABLE `delete_payment_details` (
  `pf_id` int(11) NOT NULL,
  `p_id` int(11) NOT NULL,
  `userid` int(11) DEFAULT NULL,
  `f_id` int(11) NOT NULL DEFAULT '0',
  `amaun` double(20,2) NOT NULL DEFAULT '0.00',
  `status` enum('Belum Selesai','Selesai') NOT NULL DEFAULT 'Belum Selesai',
  `catatan` text,
  `createDtm` datetime DEFAULT NULL
) ENGINE=InnoDB DEFAULT CHARSET=latin1;

-- --------------------------------------------------------

--
-- Table structure for table `delete_tbl_users`
--

CREATE TABLE `delete_tbl_users` (
  `userId` int(11) NOT NULL,
  `noAhli` varchar(11) DEFAULT NULL,
  `email` varchar(128) NOT NULL COMMENT 'login email',
  `password` varchar(128) NOT NULL COMMENT 'hashed login password',
  `name` varchar(128) NOT NULL COMMENT 'full name of user',
  `phone` varchar(20) NOT NULL DEFAULT '000-0000000',
  `icno` varchar(14) NOT NULL DEFAULT '000000000000',
  `address` varchar(250) DEFAULT NULL,
  `surau` tinyint(4) NOT NULL DEFAULT '0',
  `pakej` enum('Keluarga','Bujang') DEFAULT 'Bujang',
  `Alamat` varchar(100) DEFAULT NULL,
  `Poskod` varchar(100) DEFAULT NULL,
  `Bandar` varchar(20) DEFAULT NULL,
  `regdate` varchar(20) NOT NULL,
  `roleId` tinyint(4) NOT NULL,
  `status` enum('Aktif','Tidak Aktif') NOT NULL DEFAULT 'Aktif',
  `catatan` text,
  `isDeleted` tinyint(4) NOT NULL DEFAULT '0',
  `createdBy` int(11) NOT NULL,
  `createdDtm` datetime NOT NULL,
  `updatedBy` int(11) DEFAULT NULL,
  `updatedDtm` datetime DEFAULT NULL,
  `deathDtm` date DEFAULT NULL,
  `ahli_khairat` enum('Y','N') NOT NULL DEFAULT 'N'
) ENGINE=MyISAM DEFAULT CHARSET=utf8;

-- --------------------------------------------------------

--
-- Table structure for table `delete_tbl_users_doc`
--

CREATE TABLE `delete_tbl_users_doc` (
  `doc_id` int(11) NOT NULL,
  `userid` int(11) NOT NULL,
  `doc_title` varchar(150) NOT NULL,
  `attachment` varchar(200) DEFAULT 'default.jpg',
  `createDtm` datetime DEFAULT NULL,
  `createBy` int(11) NOT NULL DEFAULT '0'
) ENGINE=InnoDB DEFAULT CHARSET=latin1;

-- --------------------------------------------------------

--
-- Table structure for table `delete_tbl_users_family`
--

CREATE TABLE `delete_tbl_users_family` (
  `f_id` int(11) NOT NULL,
  `userid` int(11) NOT NULL,
  `f_name` varchar(100) NOT NULL,
  `f_icno` varchar(20) NOT NULL DEFAULT '0',
  `f_phone` varchar(100) DEFAULT NULL,
  `f_jantina` enum('Lelaki','Perempuan') NOT NULL,
  `f_pertalian` varchar(100) DEFAULT NULL,
  `f_pasangan` enum('Y','N') NOT NULL DEFAULT 'N',
  `createDtm` datetime DEFAULT NULL,
  `deathStatus` enum('Y','N') NOT NULL DEFAULT 'N',
  `deathDtm` date NOT NULL,
  `approval` enum('Y','N') NOT NULL DEFAULT 'N'
) ENGINE=InnoDB DEFAULT CHARSET=latin1;

-- --------------------------------------------------------

--
-- Table structure for table `feedback`
--

CREATE TABLE `feedback` (
  `fb_id` int(11) NOT NULL,
  `Date` date NOT NULL DEFAULT '0000-00-00',
  `Name` varchar(100) NOT NULL,
  `Email` varchar(100) NOT NULL,
  `Mobile` varchar(50) DEFAULT NULL,
  `Comment` text
) ENGINE=InnoDB DEFAULT CHARSET=latin1;

-- --------------------------------------------------------

--
-- Table structure for table `general`
--

CREATE TABLE `general` (
  `g_id` tinyint(4) NOT NULL,
  `g_ekhairat_id` varchar(100) DEFAULT 'EK2023-0050',
  `g_package` enum('WAQAF','TAADIL') DEFAULT NULL,
  `g_passcode` int(11) NOT NULL DEFAULT '561153',
  `g_balance` double(20,2) NOT NULL DEFAULT '0.00',
  `g_theme_name` varchar(100) NOT NULL DEFAULT 'default',
  `g_home_title` varchar(100) DEFAULT NULL,
  `g_home_desc` text,
  `g_contact_info` varchar(100) NOT NULL,
  `g_address` varchar(250) NOT NULL,
  `g_email` varchar(100) NOT NULL,
  `g_phone` varchar(100) NOT NULL,
  `g_facebook` varchar(100) DEFAULT NULL,
  `g_logo_url` varchar(100) NOT NULL DEFAULT 'logo.jpg',
  `g_profile_url` varchar(100) NOT NULL DEFAULT 'default_profile.jpg',
  `g_background` varchar(100) NOT NULL DEFAULT 'background.jpg',
  `g_bankname` varchar(100) DEFAULT 'Bank',
  `g_bankaccount` varchar(50) DEFAULT '00000000000',
  `g_weburl` varchar(100) DEFAULT NULL,
  `g_title_1` varchar(100) NOT NULL DEFAULT 'INFO 1',
  `g_icon_1` varchar(30) NOT NULL DEFAULT 'icofont-user',
  `g_title_2` varchar(100) NOT NULL DEFAULT 'INFO 2',
  `g_icon_2` varchar(30) NOT NULL DEFAULT 'icofont-users',
  `g_title_3` varchar(100) NOT NULL DEFAULT 'INFO 3',
  `g_icon_3` varchar(30) NOT NULL DEFAULT 'icofont-info-square',
  `g_info_1` text,
  `g_info_2` text,
  `g_info_3` text,
  `g_policy` text,
  `g_registration` enum('Y','N') NOT NULL DEFAULT 'Y',
  `g_registration_text` text NOT NULL,
  `g_payment` enum('Y','N') NOT NULL DEFAULT 'N',
  `g_payment_text` text NOT NULL
) ENGINE=InnoDB DEFAULT CHARSET=utf8mb4;

--
-- Dumping data for table `general`
--

INSERT INTO `general` (`g_id`, `g_ekhairat_id`, `g_package`, `g_passcode`, `g_balance`, `g_theme_name`, `g_home_title`, `g_home_desc`, `g_contact_info`, `g_address`, `g_email`, `g_phone`, `g_facebook`, `g_logo_url`, `g_profile_url`, `g_background`, `g_bankname`, `g_bankaccount`, `g_weburl`, `g_title_1`, `g_icon_1`, `g_title_2`, `g_icon_2`, `g_title_3`, `g_icon_3`, `g_info_1`, `g_info_2`, `g_info_3`, `g_policy`, `g_registration`, `g_registration_text`, `g_payment`, `g_payment_text`) VALUES
(1, 'EK2023-2001', 'WAQAF', 561153, 0.00, 'Default', 'eKhairat@demo', 'SURAU DEMO', 'DEMO', 'BANDAR COUNTRY HOMES', 'demo@e-khairat.net', '0000000000', 'https://www.facebook.com', 'logo.jpeg', 'icon.png', 'kubur.jpeg', 'BANK XXXX', '0000000000000', 'https://www.e-khairat.net/demo/home', 'PENDAFTARAN AHLI BARU', 'icofont-paper', 'SEMAKAN YURAN & KEAHLIAN', 'icofont-users', 'BIRO KHAIRAT KEMATIAN', 'icofont-home', 'Ahli kariah boleh membuat semakan keahlian, kemaskini maklumat tanggungan dan status bayaran', 'Ahli kariah boleh membuat semakan keahlian, kemaskini maklumat tanggungan dan status bayaran', 'Sekiranya ada sebarang urusan kematian, boleh hubungi Pentadbir', '<b>Syarat & Polisi Khairat Kematian<br><br>..<br>..<br>..<br><br></b>', 'Y', 'Harap maaf! Pendaftaran ahli ditutup buat sementara waktu. Terima kasih.', 'Y', 'Harap maaf! Bayaran secara FPX ditutup buat sementara waktu. Terima kasih.\r\n\r\n');

-- --------------------------------------------------------

--
-- Table structure for table `khairat`
--

CREATE TABLE `khairat` (
  `k_id` int(11) NOT NULL,
  `k_date` date DEFAULT NULL,
  `userid` int(11) NOT NULL,
  `k_jenis` varchar(100) DEFAULT NULL,
  `k_amaun` double(20,2) NOT NULL DEFAULT '0.00',
  `k_catatan` text,
  `updatedBy` int(11) NOT NULL,
  `updatedDtm` datetime NOT NULL
) ENGINE=InnoDB DEFAULT CHARSET=latin1;

--
-- Dumping data for table `khairat`
--

INSERT INTO `khairat` (`k_id`, `k_date`, `userid`, `k_jenis`, `k_amaun`, `k_catatan`, `updatedBy`, `updatedDtm`) VALUES
(1, '2023-08-23', 0, 'SMS', 0.20, 'EKHAIRAT-DEMO : Sila jelaskan tunggakan yuran anda berjumlah RM120.00. Hubungi pentadbir 0000000000 untuk info lanjut.', 0, '2023-08-23 21:19:36');

-- --------------------------------------------------------

--
-- Table structure for table `log_check`
--

CREATE TABLE `log_check` (
  `log_id` int(11) NOT NULL,
  `log_search` varchar(200) NOT NULL,
  `log_ipaddress` varchar(200) NOT NULL,
  `log_datetime` datetime NOT NULL
) ENGINE=InnoDB DEFAULT CHARSET=latin1;

--
-- Dumping data for table `log_check`
--

INSERT INTO `log_check` (`log_id`, `log_search`, `log_ipaddress`, `log_datetime`) VALUES
(1, '970208295088-AHLI', '202.190.61.241', '2023-07-11 19:22:49'),
(2, '970208295088-AHLI', '113.211.208.236', '2023-07-12 00:28:21'),
(3, '970208295088-AHLI', '113.211.208.236', '2023-07-12 00:28:50'),
(4, '0148104207-AHLI', '113.211.208.236', '2023-07-12 00:30:00'),
(5, '970208295088-AHLI', '113.211.208.236', '2023-07-12 00:30:13'),
(6, '850611098765-AHLI', '113.211.211.58', '2023-08-06 01:52:40'),
(7, '850611098765-TANGGUNGAN', '113.211.211.58', '2023-08-06 01:54:14'),
(8, '850611098765-AHLI', '113.211.211.58', '2023-08-06 01:54:22'),
(9, '850611098765-AHLI', '113.211.211.58', '2023-08-06 01:55:03'),
(10, '880411085631-AHLI', '202.133.98.188', '2023-08-19 11:45:05'),
(11, '880411085631-AHLI', '202.133.98.188', '2023-08-19 11:45:48'),
(12, '880411085631-AHLI', '202.133.98.188', '2023-08-19 11:46:30'),
(13, '551205105887-AHLI', '27.125.249.31', '2023-08-19 13:13:56'),
(14, '551205105887-AHLI', '27.125.249.31', '2023-08-19 13:14:42'),
(15, '551205105887-AHLI', '27.125.241.67', '2023-08-19 21:30:09'),
(16, '551205105887-AHLI', '27.125.241.67', '2023-08-19 21:30:37'),
(17, '850611098765-AHLI', '183.171.170.112', '2023-08-23 21:24:49'),
(18, '850611098765-AHLI', '183.171.170.112', '2023-08-23 21:25:19'),
(19, '850611098765-AHLI', '183.171.170.112', '2023-08-23 21:26:32');

-- --------------------------------------------------------

--
-- Table structure for table `news`
--

CREATE TABLE `news` (
  `news_id` int(5) NOT NULL,
  `news_headline` text NOT NULL,
  `news_story` text NOT NULL,
  `news_editor` varchar(50) DEFAULT NULL,
  `news_email` varchar(50) DEFAULT NULL,
  `news_timestamp` date NOT NULL DEFAULT '0000-00-00',
  `news_status` enum('Aktif','Tidak Aktif') NOT NULL DEFAULT 'Tidak Aktif'
) ENGINE=InnoDB DEFAULT CHARSET=latin1;

--
-- Dumping data for table `news`
--

INSERT INTO `news` (`news_id`, `news_headline`, `news_story`, `news_editor`, `news_email`, `news_timestamp`, `news_status`) VALUES
(1, 'PENDAFTARAN AHLI BARU', 'Warganegara Malaysia yang beragama islam yang ingin mendaftar khairat kematian boleh mendaftar secara online melalui sistem e-khairat. Sila rujuk syarat & polisi yang disertakan.', 'Pentadbir', NULL, '2023-08-06', 'Aktif'),
(2, 'PEMBAYARAN YURAN TAHUNAN 2023', 'Ahli khairat boleh menjelaskan bayaran khairat melalui online transfer ke\nAkaun Masjid demo', 'Pentadbir', NULL, '2023-07-12', 'Aktif'),
(3, 'MAKLUMAT KEMATIAN', '- Tiada -', 'Pentadbir', NULL, '2023-06-28', 'Aktif'),
(4, 'BIRO KHAIRAT SURAU DEMO', 'Jika ada sebarang urusan kematian, boleh hubungi pentadbir', 'Pentadbir', NULL, '2023-07-12', 'Aktif');

-- --------------------------------------------------------

--
-- Table structure for table `payment`
--

CREATE TABLE `payment` (
  `p_id` int(11) NOT NULL,
  `p_date` date DEFAULT NULL,
  `userid` int(11) NOT NULL,
  `yid` int(11) NOT NULL,
  `amaun` double(20,2) NOT NULL DEFAULT '0.00',
  `total_amaun` double(20,2) NOT NULL DEFAULT '0.00',
  `attachment` varchar(200) DEFAULT 'default.jpg',
  `status` enum('Belum Selesai','Selesai') NOT NULL DEFAULT 'Belum Selesai',
  `pg_billcode` varchar(100) DEFAULT NULL,
  `pg_transactionid` varchar(100) DEFAULT NULL,
  `pg_msg` varchar(100) DEFAULT NULL,
  `catatan` text,
  `createDtm` datetime DEFAULT NULL,
  `updatedBy` int(11) NOT NULL DEFAULT '0',
  `updatedDtm` datetime NOT NULL DEFAULT CURRENT_TIMESTAMP,
  `isEmailed` tinyint(4) NOT NULL DEFAULT '0'
) ENGINE=InnoDB DEFAULT CHARSET=latin1;

--
-- Dumping data for table `payment`
--

INSERT INTO `payment` (`p_id`, `p_date`, `userid`, `yid`, `amaun`, `total_amaun`, `attachment`, `status`, `pg_billcode`, `pg_transactionid`, `pg_msg`, `catatan`, `createDtm`, `updatedBy`, `updatedDtm`, `isEmailed`) VALUES
(1, '2023-07-12', 1, 1, 60.00, 60.00, 'default.jpg', 'Selesai', 'ac7e0jde', 'TP192258104422400120723', 'ok', 'FPX', '2023-07-11 19:21:19', 0, '2023-07-12 00:28:43', 0),
(2, '2023-07-12', 1, 2, 60.00, 60.00, 'default.jpg', 'Selesai', '49pdtg4a', 'TP192259291412500120723', 'ok', 'FPX', '2023-07-11 19:21:19', 0, '2023-07-12 00:29:40', 0),
(3, '2023-08-19', 2, 1, 60.00, 60.00, 'default.jpg', 'Selesai', 'k9nx57v0', 'TP2308192911889410', 'ok', 'FPX', '2023-07-12 00:52:19', 0, '2023-08-19 11:45:41', 0),
(4, '2023-07-12', 2, 2, 60.00, 60.00, 'default.jpg', 'Belum Selesai', NULL, NULL, NULL, NULL, '2023-07-12 00:52:19', 0, '2023-07-12 00:52:19', 0),
(5, '2023-08-06', 3, 1, 60.00, 60.00, 'default.jpg', 'Selesai', 'ca81q9iy', 'TP2308060910212569', 'ok', 'FPX', '2023-08-06 01:51:19', 0, '2023-08-06 01:53:45', 0),
(6, '2023-08-23', 3, 2, 60.00, 60.00, 'default.jpg', 'Selesai', 'tg2uqn1o', 'TP2308234809472456', 'ok', 'FPX', '2023-08-06 01:51:19', 0, '2023-08-23 21:26:00', 0),
(7, '2023-08-06', 3, 3, 60.00, 60.00, 'default.jpg', 'Belum Selesai', NULL, NULL, NULL, NULL, '2023-08-06 01:51:41', 0, '2023-08-06 01:51:41', 0);

-- --------------------------------------------------------

--
-- Table structure for table `payment_details`
--

CREATE TABLE `payment_details` (
  `pf_id` int(11) NOT NULL,
  `p_id` int(11) NOT NULL,
  `userid` int(11) DEFAULT NULL,
  `f_id` int(11) NOT NULL DEFAULT '0',
  `amaun` double(20,2) NOT NULL DEFAULT '0.00',
  `status` enum('Belum Selesai','Selesai') NOT NULL DEFAULT 'Belum Selesai',
  `catatan` text,
  `createDtm` datetime DEFAULT NULL
) ENGINE=InnoDB DEFAULT CHARSET=latin1;

--
-- Dumping data for table `payment_details`
--

INSERT INTO `payment_details` (`pf_id`, `p_id`, `userid`, `f_id`, `amaun`, `status`, `catatan`, `createDtm`) VALUES
(1, 2, 1, 0, 0.00, 'Selesai', 'FPX', '2023-07-11 19:21:19'),
(2, 4, 2, 0, 0.00, 'Belum Selesai', NULL, '2023-07-12 00:52:19'),
(3, 6, 3, 0, 0.00, 'Selesai', 'FPX', '2023-08-06 01:51:19'),
(4, 6, 3, 1, 0.00, 'Selesai', 'FPX', '2023-08-06 01:51:19'),
(5, 7, 3, 0, 0.00, 'Belum Selesai', NULL, '2023-08-06 01:51:41'),
(6, 7, 3, 1, 0.00, 'Belum Selesai', NULL, '2023-08-06 01:51:41');

-- --------------------------------------------------------

--
-- Table structure for table `payment_gateway`
--

CREATE TABLE `payment_gateway` (
  `pg_id` int(11) NOT NULL,
  `pg_name` varchar(50) DEFAULT NULL,
  `pg_url` varchar(250) NOT NULL DEFAULT 'N/A',
  `pg_secretkey` varchar(100) NOT NULL,
  `pg_catcode` varchar(20) NOT NULL,
  `pg_billname` varchar(50) NOT NULL,
  `pg_returnurl` varchar(250) DEFAULT NULL,
  `pg_returnurl_public` varchar(250) DEFAULT NULL,
  `pg_callbackurl` varchar(100) NOT NULL,
  `pg_createbill` varchar(250) DEFAULT NULL
) ENGINE=InnoDB DEFAULT CHARSET=utf8mb4;

--
-- Dumping data for table `payment_gateway`
--

INSERT INTO `payment_gateway` (`pg_id`, `pg_name`, `pg_url`, `pg_secretkey`, `pg_catcode`, `pg_billname`, `pg_returnurl`, `pg_returnurl_public`, `pg_callbackurl`, `pg_createbill`) VALUES
(1, 'FEES PAYMENT (LIVE)', 'https://dev.toyyibpay.com/', 'mvnmurwd-e9yc-uxhk-tmvq-teoa637qhz4q', '45crc7dk', 'SIMULATION BANK', 'https://www.e-khairat.net/al-ikhwan/paymentStatus', 'https://www.e-khairat.net/demo/FPXstatus', '-', 'https://dev.toyyibpay.com/index.php/api/createBill'),
(2, 'REGISTRATION (LIVE)', 'https://dev.toyyibpay.com/', 'mvnmurwd-e9yc-uxhk-tmvq-teoa637qhz4q', '45crc7dk', 'SIMULATION BANK', 'https://www.e-khairat.net/al-ikhwan/registerStatus', 'https://www.e-khairat.net/demo/FPXregStatus', '-', 'https://dev.toyyibpay.com/index.php/api/createBill'),
(3, 'SMS eWALLET', 'https://toyyibpay.com/', 'd437c63y-sg2j-sj51-x803-3qdfyw4o2qec', 'o67jcv20', 'SMS eWallet', 'https://www.e-khairat.net/al-ikhwan/smsStatus', 'https://www.e-khairat.net/demo/FPXsmsStatus', 'https://toyyibpay.com/index.php/api/getBillTransactions', 'https://toyyibpay.com/index.php/api/createBill');

-- --------------------------------------------------------

--
-- Stand-in structure for view `registration_statistics`
-- (See below for the actual view)
--
CREATE TABLE `registration_statistics` (
`namAhli` varchar(128)
,`icno` varchar(14)
,`name` varchar(100)
,`desc` varchar(200)
);

-- --------------------------------------------------------

--
-- Table structure for table `sms_ewallet`
--

CREATE TABLE `sms_ewallet` (
  `ew_id` int(11) NOT NULL,
  `ew_type` enum('CREDIT','DEBIT') NOT NULL DEFAULT 'DEBIT',
  `ew_credit` int(11) NOT NULL DEFAULT '0',
  `sms_id` int(11) NOT NULL DEFAULT '0',
  `smsp_id` int(11) NOT NULL DEFAULT '0'
) ENGINE=InnoDB DEFAULT CHARSET=utf8mb4;

--
-- Dumping data for table `sms_ewallet`
--

INSERT INTO `sms_ewallet` (`ew_id`, `ew_type`, `ew_credit`, `sms_id`, `smsp_id`) VALUES
(1, 'DEBIT', 10, 0, 0),
(2, 'CREDIT', 1, 1, 0);

-- --------------------------------------------------------

--
-- Table structure for table `sms_gateway`
--

CREATE TABLE `sms_gateway` (
  `sg_id` int(11) NOT NULL,
  `sg_provider` varchar(50) NOT NULL,
  `sg_apikey` varchar(50) NOT NULL DEFAULT '0',
  `sg_secretkey` varchar(100) NOT NULL,
  `sg_url` varchar(255) NOT NULL,
  `sg_registered_account` varchar(100) NOT NULL DEFAULT 'amzari@amricreative.com',
  `sg_cost` double(20,2) NOT NULL DEFAULT '0.20',
  `sg_credit` int(11) NOT NULL DEFAULT '1'
) ENGINE=InnoDB DEFAULT CHARSET=utf8mb4;

--
-- Dumping data for table `sms_gateway`
--

INSERT INTO `sms_gateway` (`sg_id`, `sg_provider`, `sg_apikey`, `sg_secretkey`, `sg_url`, `sg_registered_account`, `sg_cost`, `sg_credit`) VALUES
(1, 'Bulk360', '4y1aK5JdQG', 'EHV69FpJDCBMOWYrZMbQeJn3hsk3Nh1eIvykRand', 'https://sms.360.my/gw/bulk360/v3_0/send.php', 'amzari@amricreative.com', 0.20, 1);

-- --------------------------------------------------------

--
-- Table structure for table `sms_log`
--

CREATE TABLE `sms_log` (
  `sms_id` int(11) NOT NULL,
  `userid` int(11) NOT NULL,
  `phone` varchar(20) NOT NULL,
  `sms_code` varchar(20) NOT NULL,
  `sms_desc` text NOT NULL,
  `sms_cost` double(20,2) NOT NULL DEFAULT '0.00',
  `sms_credit` int(11) NOT NULL DEFAULT '0',
  `message` text NOT NULL,
  `createDtm` datetime NOT NULL DEFAULT CURRENT_TIMESTAMP,
  `createdBy` int(11) NOT NULL DEFAULT '0'
) ENGINE=InnoDB DEFAULT CHARSET=utf8mb4;

--
-- Dumping data for table `sms_log`
--

INSERT INTO `sms_log` (`sms_id`, `userid`, `phone`, `sms_code`, `sms_desc`, `sms_cost`, `sms_credit`, `message`, `createDtm`, `createdBy`) VALUES
(1, 3, '60169136456', '200', 'OK', 0.20, 1, 'EKHAIRAT-DEMO : Sila jelaskan tunggakan yuran anda berjumlah RM120.00. Hubungi pentadbir 0000000000 untuk info lanjut.', '2023-08-23 21:19:36', 0);

-- --------------------------------------------------------

--
-- Table structure for table `sms_payment`
--

CREATE TABLE `sms_payment` (
  `smsp_id` int(11) NOT NULL,
  `smsp_date` date DEFAULT NULL,
  `userid` int(11) NOT NULL DEFAULT '0',
  `amaun` double(20,2) NOT NULL DEFAULT '0.00',
  `status` enum('Belum Selesai','Selesai') NOT NULL DEFAULT 'Belum Selesai',
  `pg_billcode` varchar(100) DEFAULT NULL,
  `pg_transactionid` varchar(100) DEFAULT NULL,
  `pg_msg` varchar(100) DEFAULT NULL,
  `catatan` text,
  `createDtm` datetime DEFAULT NULL
) ENGINE=InnoDB DEFAULT CHARSET=latin1;

-- --------------------------------------------------------

--
-- Table structure for table `surau`
--

CREATE TABLE `surau` (
  `id` tinyint(4) NOT NULL,
  `name` varchar(100) NOT NULL,
  `desc` varchar(200) DEFAULT NULL
) ENGINE=InnoDB DEFAULT CHARSET=utf8mb4;

--
-- Dumping data for table `surau`
--

INSERT INTO `surau` (`id`, `name`, `desc`) VALUES
(1, 'PRESINT 1', 'PUTRAJAYA'),
(2, 'PRESINT 2', 'PUTRAJAYA'),
(3, 'PRESINT 3', 'PUTRAJAYA');

-- --------------------------------------------------------

--
-- Table structure for table `tags`
--

CREATE TABLE `tags` (
  `id` tinyint(4) NOT NULL,
  `name` varchar(100) NOT NULL,
  `desc` varchar(200) DEFAULT NULL
) ENGINE=InnoDB DEFAULT CHARSET=utf8mb4;

--
-- Dumping data for table `tags`
--

INSERT INTO `tags` (`id`, `name`, `desc`) VALUES
(1, 'PERANTAU', 'Anak qaryah yang merantau ke luar kawasan'),
(2, 'ASNAF', 'Dikategori sebagai asnaf'),
(3, 'IBU TUNGGAL', '-');

-- --------------------------------------------------------

--
-- Table structure for table `tbl_apply_family`
--

CREATE TABLE `tbl_apply_family` (
  `f_id` int(11) NOT NULL,
  `userid` int(11) NOT NULL,
  `f_name` varchar(100) NOT NULL,
  `f_icno` varchar(20) NOT NULL DEFAULT '0',
  `f_phone` varchar(100) DEFAULT NULL,
  `f_jantina` enum('Lelaki','Perempuan') DEFAULT NULL,
  `f_pertalian` varchar(100) DEFAULT NULL,
  `f_pasangan` enum('Y','N') NOT NULL DEFAULT 'N',
  `createDtm` datetime DEFAULT NULL,
  `deathStatus` enum('Y','N') NOT NULL DEFAULT 'N',
  `deathDtm` date NOT NULL,
  `approval` enum('Y','N') NOT NULL DEFAULT 'N',
  `isDeleted` tinyint(4) NOT NULL DEFAULT '0'
) ENGINE=InnoDB DEFAULT CHARSET=latin1;

--
-- Dumping data for table `tbl_apply_family`
--

INSERT INTO `tbl_apply_family` (`f_id`, `userid`, `f_name`, `f_icno`, `f_phone`, `f_jantina`, `f_pertalian`, `f_pasangan`, `createDtm`, `deathStatus`, `deathDtm`, `approval`, `isDeleted`) VALUES
(1, 4, 'ALIZA BINTI AZIZ', '880908117822', NULL, NULL, 'PASANGAN', 'Y', '2023-08-06 01:31:44', 'N', '0000-00-00', 'N', 0),
(2, 4, 'ANIS BINTI AMZARI', '110202086754', NULL, NULL, 'ANAK', 'N', '2023-08-06 01:31:44', 'N', '0000-00-00', 'N', 0),
(3, 5, 'ALIZA BINTI AZIZ', '820907118976', NULL, NULL, 'PASANGAN', 'Y', '2023-08-06 01:38:39', 'N', '0000-00-00', 'N', 1),
(4, 6, 'AMELIA AZIZ', '880908117822', NULL, NULL, 'PASANGAN', 'Y', '2023-08-23 21:29:41', 'N', '0000-00-00', 'N', 0);

-- --------------------------------------------------------

--
-- Table structure for table `tbl_apply_users`
--

CREATE TABLE `tbl_apply_users` (
  `userId` int(11) NOT NULL,
  `email` varchar(128) NOT NULL COMMENT 'login email',
  `password` varchar(128) NOT NULL COMMENT 'hashed login password',
  `name` varchar(128) NOT NULL COMMENT 'full name of user',
  `phone` varchar(20) NOT NULL DEFAULT '000-0000000',
  `icno` varchar(14) NOT NULL DEFAULT '000000-00-0000',
  `address` varchar(250) DEFAULT NULL,
  `surau` tinyint(4) NOT NULL DEFAULT '0',
  `pakej` enum('Keluarga','Bujang') NOT NULL DEFAULT 'Bujang',
  `regdate` date NOT NULL DEFAULT '0000-00-00',
  `roleId` tinyint(4) NOT NULL,
  `status` enum('Aktif','Tidak Aktif') NOT NULL DEFAULT 'Aktif',
  `catatan` text,
  `isDeleted` tinyint(4) NOT NULL DEFAULT '0',
  `createdBy` int(11) NOT NULL,
  `createdDtm` datetime NOT NULL,
  `updatedBy` int(11) DEFAULT NULL,
  `updatedDtm` datetime DEFAULT NULL,
  `ahli_khairat` enum('Y','N') NOT NULL DEFAULT 'N'
) ENGINE=MyISAM DEFAULT CHARSET=utf8;

--
-- Dumping data for table `tbl_apply_users`
--

INSERT INTO `tbl_apply_users` (`userId`, `email`, `password`, `name`, `phone`, `icno`, `address`, `surau`, `pakej`, `regdate`, `roleId`, `status`, `catatan`, `isDeleted`, `createdBy`, `createdDtm`, `updatedBy`, `updatedDtm`, `ahli_khairat`) VALUES
(5, 'amtez1@gmail.com', '$2y$10$237KLFqVx2GYWgAlaImoU.HRxKL.BxcgnlMWeE5PXwZRKeySWfyfm', 'AMZARI BIN MOHD ROSLAN', '0139080771', '850611098765', '5 Jalan Presint A2/1, Presint 2, Putrajaya', 2, 'Keluarga', '2023-08-06', 2, 'Aktif', NULL, 1, 0, '2023-08-06 01:38:39', 0, '2023-08-06 01:51:17', 'Y'),
(4, 'amtez1@gmail.com', '$2y$10$yHIJVv3P/RbN7XfpiMx9fuAKTNbZ95.20LggZLJ8WJnSDyWOIh8NC', 'AMZARI BIN MOHD ROSLAN', '0199080771', '870604115448', '5, Jalan P11 A2/9, PRESINT 11, Putrajaya', 1, 'Keluarga', '2023-08-06', 2, 'Aktif', NULL, 0, 0, '2023-08-06 01:31:44', NULL, NULL, 'Y'),
(3, 'amtez1@gmail.com', '$2y$10$dBQ1ZoHZ6vWQtJ78N/nz3u3vZa5gY7ntCGPI/6SugBShDWT99R8aS', 'KHAIRY FAHMY', '0139080721', '880411085631', '01-02', 2, 'Keluarga', '2023-07-12', 2, 'Aktif', NULL, 1, 0, '2023-07-12 00:51:45', 0, '2023-07-12 00:52:14', 'Y'),
(6, 'amtez1@gmail.com', '$2y$10$iJniRZO3inqln8AXwvQsaOQ/2MhhWBqGwwxfrsVN8//5kr1TOktCC', 'AZAM BIN ABU', '0199331252', '900411085631', '01-01', 1, 'Keluarga', '2023-08-23', 2, 'Aktif', NULL, 0, 0, '2023-08-23 21:29:41', NULL, NULL, 'Y');

-- --------------------------------------------------------

--
-- Table structure for table `tbl_kadar_yuran`
--

CREATE TABLE `tbl_kadar_yuran` (
  `yid` int(11) NOT NULL,
  `y_title` varchar(200) NOT NULL,
  `y_tahun` year(4) NOT NULL,
  `y_jumlah` decimal(20,2) NOT NULL DEFAULT '0.00',
  `y_jumlah_bujang` decimal(20,2) NOT NULL DEFAULT '0.00',
  `status` enum('Aktif','Tidak Aktif') NOT NULL DEFAULT 'Tidak Aktif'
) ENGINE=InnoDB DEFAULT CHARSET=latin1;

--
-- Dumping data for table `tbl_kadar_yuran`
--

INSERT INTO `tbl_kadar_yuran` (`yid`, `y_title`, `y_tahun`, `y_jumlah`, `y_jumlah_bujang`, `status`) VALUES
(1, 'Pendaftaran eKhairat', '0000', 60.00, 60.00, 'Aktif'),
(2, 'Yuran 2023', '2023', 60.00, 60.00, 'Aktif'),
(3, 'Yuran 2024', '2024', 60.00, 60.00, 'Aktif'),
(4, 'Yuran 2025', '2025', 60.00, 60.00, 'Aktif'),
(5, 'Yuran 2026', '2026', 60.00, 60.00, 'Aktif'),
(6, 'Yuran 2027', '2027', 60.00, 60.00, 'Aktif');

-- --------------------------------------------------------

--
-- Table structure for table `tbl_kadar_yuran_family`
--

CREATE TABLE `tbl_kadar_yuran_family` (
  `yf_id` tinyint(4) NOT NULL,
  `yf_name` varchar(100) NOT NULL,
  `yf_agelimit` int(11) NOT NULL DEFAULT '0',
  `yf_desc` varchar(200) DEFAULT NULL,
  `yf_jumlah` double(20,2) NOT NULL DEFAULT '0.00'
) ENGINE=InnoDB DEFAULT CHARSET=utf8mb4;

--
-- Dumping data for table `tbl_kadar_yuran_family`
--

INSERT INTO `tbl_kadar_yuran_family` (`yf_id`, `yf_name`, `yf_agelimit`, `yf_desc`, `yf_jumlah`) VALUES
(1, 'AHLI', 0, 'Ahli yang berdaftar dengan e-Khairat', 0.00),
(2, 'PASANGAN', 0, 'Pasangan hidup suami atau isteri', 0.00),
(3, 'ANAK', 0, 'Anak-anak yang tinggal bersama', 0.00),
(4, 'IBU/BAPA', 0, 'Ibu dan Bapa Kandung, Ibu dan Bapa Mertua/Tiri yang tinggal bersama', 0.00),
(5, 'DATUK/NENEK', 0, 'Datuk dan Nenek yang tinggal bersama', 0.00),
(6, 'LAIN-LAIN', 0, 'Lain-lain tanggungan seperti Saudara-mara, Anak Angkat, Pembantu Rumah dan lain-lain', 0.00);

-- --------------------------------------------------------

--
-- Table structure for table `tbl_last_login`
--

CREATE TABLE `tbl_last_login` (
  `id` bigint(20) NOT NULL,
  `userId` bigint(20) NOT NULL,
  `sessionData` varchar(2048) NOT NULL,
  `machineIp` varchar(1024) NOT NULL,
  `userAgent` varchar(128) NOT NULL,
  `agentString` varchar(1024) NOT NULL,
  `platform` varchar(128) NOT NULL,
  `createdDtm` datetime NOT NULL DEFAULT CURRENT_TIMESTAMP
) ENGINE=InnoDB DEFAULT CHARSET=utf8;

--
-- Dumping data for table `tbl_last_login`
--

INSERT INTO `tbl_last_login` (`id`, `userId`, `sessionData`, `machineIp`, `userAgent`, `agentString`, `platform`, `createdDtm`) VALUES
(1, 0, '{\"userId\":\"0\",\"role\":\"1\",\"roleText\":\"Pentadbir Sistem\",\"name\":\"MCI\",\"isLoggedIn\":true}', '202.190.61.241', 'Chrome 114.0.0.0', 'Mozilla/5.0 (Windows NT 10.0; Win64; x64) AppleWebKit/537.36 (KHTML, like Gecko) Chrome/114.0.0.0 Safari/537.36', 'Windows 10', '2023-07-11 19:11:01'),
(2, 0, '{\"role\":\"1\",\"roleText\":\"Pentadbir Sistem\",\"name\":\"MCI\"}', '202.190.61.241', 'Chrome 114.0.0.0', 'Mozilla/5.0 (Windows NT 10.0; Win64; x64) AppleWebKit/537.36 (KHTML, like Gecko) Chrome/114.0.0.0 Safari/537.36', 'Windows 10', '2023-07-11 19:14:46'),
(3, 0, '{\"role\":\"1\",\"roleText\":\"Pentadbir Sistem\",\"name\":\"MCI\"}', '202.190.61.241', 'Chrome 114.0.0.0', 'Mozilla/5.0 (Windows NT 10.0; Win64; x64) AppleWebKit/537.36 (KHTML, like Gecko) Chrome/114.0.0.0 Safari/537.36', 'Windows 10', '2023-07-11 19:21:08'),
(4, 1, '{\"userId\":\"1\",\"role\":\"2\",\"roleText\":\"Ahli Biasa\",\"name\":\"Hasya\",\"isLoggedIn\":true}', '202.190.61.241', 'Chrome 114.0.0.0', 'Mozilla/5.0 (Windows NT 10.0; Win64; x64) AppleWebKit/537.36 (KHTML, like Gecko) Chrome/114.0.0.0 Safari/537.36', 'Windows 10', '2023-07-11 19:26:35'),
(5, 0, '{\"role\":\"1\",\"roleText\":\"Pentadbir Sistem\",\"name\":\"MCI\"}', '113.211.208.236', 'Chrome 114.0.0.0', 'Mozilla/5.0 (Macintosh; Intel Mac OS X 10_15_7) AppleWebKit/537.36 (KHTML, like Gecko) Chrome/114.0.0.0 Safari/537.36', 'Mac OS X', '2023-07-12 00:25:00'),
(6, 1, '{\"role\":\"2\",\"roleText\":\"Ahli Biasa\",\"name\":\"Hasya\"}', '113.211.208.236', 'Chrome 114.0.0.0', 'Mozilla/5.0 (Macintosh; Intel Mac OS X 10_15_7) AppleWebKit/537.36 (KHTML, like Gecko) Chrome/114.0.0.0 Safari/537.36', 'Mac OS X', '2023-07-12 00:29:18'),
(7, 0, '{\"role\":\"1\",\"roleText\":\"Pentadbir Sistem\",\"name\":\"MCI\"}', '113.211.208.236', 'Chrome 114.0.0.0', 'Mozilla/5.0 (Macintosh; Intel Mac OS X 10_15_7) AppleWebKit/537.36 (KHTML, like Gecko) Chrome/114.0.0.0 Safari/537.36', 'Mac OS X', '2023-07-12 00:30:24'),
(8, 0, '{\"role\":\"1\",\"roleText\":\"Pentadbir Sistem\",\"name\":\"MCI\"}', '113.211.208.236', 'Chrome 114.0.0.0', 'Mozilla/5.0 (Macintosh; Intel Mac OS X 10_15_7) AppleWebKit/537.36 (KHTML, like Gecko) Chrome/114.0.0.0 Safari/537.36', 'Mac OS X', '2023-07-12 00:52:06'),
(9, 0, '{\"role\":\"1\",\"roleText\":\"Pentadbir Sistem\",\"name\":\"demo\"}', '113.211.99.138', 'Chrome 114.0.0.0', 'Mozilla/5.0 (Windows NT 10.0; Win64; x64) AppleWebKit/537.36 (KHTML, like Gecko) Chrome/114.0.0.0 Safari/537.36', 'Windows 10', '2023-07-18 16:42:10'),
(10, 0, '{\"role\":\"1\",\"roleText\":\"Pentadbir Sistem\",\"name\":\"demo\"}', '113.211.99.138', 'Chrome 114.0.0.0', 'Mozilla/5.0 (Windows NT 10.0; Win64; x64) AppleWebKit/537.36 (KHTML, like Gecko) Chrome/114.0.0.0 Safari/537.36', 'Windows 10', '2023-07-18 16:46:58'),
(11, 0, '{\"role\":\"1\",\"roleText\":\"Pentadbir Sistem\",\"name\":\"demo\"}', '113.211.208.222', 'Chrome 114.0.0.0', 'Mozilla/5.0 (Macintosh; Intel Mac OS X 10_15_7) AppleWebKit/537.36 (KHTML, like Gecko) Chrome/114.0.0.0 Safari/537.36', 'Mac OS X', '2023-07-20 02:55:16'),
(12, 0, '{\"role\":\"1\",\"roleText\":\"Pentadbir Sistem\",\"name\":\"demo\"}', '113.211.208.55', 'Chrome 115.0.0.0', 'Mozilla/5.0 (Macintosh; Intel Mac OS X 10_15_7) AppleWebKit/537.36 (KHTML, like Gecko) Chrome/115.0.0.0 Safari/537.36', 'Mac OS X', '2023-08-02 00:45:47'),
(13, 0, '{\"role\":\"1\",\"roleText\":\"Pentadbir Sistem\",\"name\":\"demo\"}', '183.171.65.84', 'Chrome 111.0.5563.116', 'Mozilla/5.0 (Linux; Android 13; SAMSUNG SM-N981B) AppleWebKit/537.36 (KHTML, like Gecko) SamsungBrowser/22.0 Chrome/111.0.5563.116 Mobile Safari/537.36', 'Android', '2023-08-02 06:42:45'),
(14, 0, '{\"role\":\"1\",\"roleText\":\"Pentadbir Sistem\",\"name\":\"demo\"}', '103.49.25.2', 'Chrome 115.0.0.0', 'Mozilla/5.0 (Windows NT 10.0; Win64; x64) AppleWebKit/537.36 (KHTML, like Gecko) Chrome/115.0.0.0 Safari/537.36', 'Windows 10', '2023-08-02 12:31:11'),
(15, 0, '{\"role\":\"1\",\"roleText\":\"Pentadbir Sistem\",\"name\":\"demo\"}', '103.49.25.2', 'Firefox 115.0', 'Mozilla/5.0 (Windows NT 10.0; Win64; x64; rv:109.0) Gecko/20100101 Firefox/115.0', 'Windows 10', '2023-08-02 13:15:58'),
(16, 0, '{\"role\":\"1\",\"roleText\":\"Pentadbir Sistem\",\"name\":\"demo\"}', '103.49.25.2', 'Firefox 115.0', 'Mozilla/5.0 (Windows NT 10.0; Win64; x64; rv:109.0) Gecko/20100101 Firefox/115.0', 'Windows 10', '2023-08-02 13:18:33'),
(17, 0, '{\"role\":\"1\",\"roleText\":\"Pentadbir Sistem\",\"name\":\"demo\"}', '113.211.211.58', 'Safari 604.1', 'Mozilla/5.0 (iPhone; CPU iPhone OS 16_5_1 like Mac OS X) AppleWebKit/605.1.15 (KHTML, like Gecko) Version/16.5.2 Mobile/15E148 Safari/604.1', 'iOS', '2023-08-05 14:49:28'),
(18, 0, '{\"role\":\"1\",\"roleText\":\"Pentadbir Sistem\",\"name\":\"demo\"}', '113.211.211.58', 'Chrome 115.0.0.0', 'Mozilla/5.0 (Macintosh; Intel Mac OS X 10_15_7) AppleWebKit/537.36 (KHTML, like Gecko) Chrome/115.0.0.0 Safari/537.36', 'Mac OS X', '2023-08-06 01:06:15'),
(19, 0, '{\"role\":\"1\",\"roleText\":\"Pentadbir Sistem\",\"name\":\"demo\"}', '113.211.211.58', 'Chrome 115.0.0.0', 'Mozilla/5.0 (Macintosh; Intel Mac OS X 10_15_7) AppleWebKit/537.36 (KHTML, like Gecko) Chrome/115.0.0.0 Safari/537.36', 'Mac OS X', '2023-08-06 01:33:15'),
(20, 0, '{\"role\":\"1\",\"roleText\":\"Pentadbir Sistem\",\"name\":\"demo\"}', '113.211.211.58', 'Firefox 116.0', 'Mozilla/5.0 (Macintosh; Intel Mac OS X 10.15; rv:109.0) Gecko/20100101 Firefox/116.0', 'Mac OS X', '2023-08-06 01:50:50'),
(21, 3, '{\"userId\":\"3\",\"role\":\"2\",\"roleText\":\"Ahli Biasa\",\"name\":\"Amzari Bin Mohd Roslan\",\"isLoggedIn\":true}', '113.211.211.58', 'Firefox 116.0', 'Mozilla/5.0 (Macintosh; Intel Mac OS X 10.15; rv:109.0) Gecko/20100101 Firefox/116.0', 'Mac OS X', '2023-08-06 02:09:07'),
(22, 3, '{\"role\":\"2\",\"roleText\":\"Ahli Biasa\",\"name\":\"Amzari Bin Mohd Roslan\"}', '113.211.211.58', 'Firefox 116.0', 'Mozilla/5.0 (Macintosh; Intel Mac OS X 10.15; rv:109.0) Gecko/20100101 Firefox/116.0', 'Mac OS X', '2023-08-06 02:09:45'),
(23, 0, '{\"role\":\"1\",\"roleText\":\"Pentadbir Sistem\",\"name\":\"demo\"}', '219.92.48.21', 'Chrome 115.0.0.0', 'Mozilla/5.0 (Windows NT 10.0; Win64; x64) AppleWebKit/537.36 (KHTML, like Gecko) Chrome/115.0.0.0 Safari/537.36', 'Windows 10', '2023-08-07 22:17:06'),
(24, 0, '{\"role\":\"1\",\"roleText\":\"Pentadbir Sistem\",\"name\":\"demo\"}', '113.211.210.67', 'Chrome 115.0.0.0', 'Mozilla/5.0 (Macintosh; Intel Mac OS X 10_15_7) AppleWebKit/537.36 (KHTML, like Gecko) Chrome/115.0.0.0 Safari/537.36', 'Mac OS X', '2023-08-16 22:33:21'),
(25, 0, '{\"role\":\"1\",\"roleText\":\"Pentadbir Sistem\",\"name\":\"demo\"}', '113.211.210.67', 'Chrome 115.0.0.0', 'Mozilla/5.0 (Macintosh; Intel Mac OS X 10_15_7) AppleWebKit/537.36 (KHTML, like Gecko) Chrome/115.0.0.0 Safari/537.36', 'Mac OS X', '2023-08-16 22:34:58'),
(26, 3, '{\"role\":\"2\",\"roleText\":\"Ahli Biasa\",\"name\":\"Amzari Bin Mohd Roslan\"}', '183.171.170.148', 'Safari 604.1', 'Mozilla/5.0 (iPhone; CPU iPhone OS 16_6 like Mac OS X) AppleWebKit/605.1.15 (KHTML, like Gecko) Version/16.6 Mobile/15E148 Safari/604.1', 'iOS', '2023-08-19 10:18:24'),
(27, 0, '{\"role\":\"1\",\"roleText\":\"Pentadbir Sistem\",\"name\":\"demo\"}', '183.171.170.152', 'Safari 604.1', 'Mozilla/5.0 (iPhone; CPU iPhone OS 16_6 like Mac OS X) AppleWebKit/605.1.15 (KHTML, like Gecko) Version/16.6 Mobile/15E148 Safari/604.1', 'iOS', '2023-08-19 10:41:29'),
(28, 0, '{\"role\":\"1\",\"roleText\":\"Pentadbir Sistem\",\"name\":\"demo\"}', '202.133.98.188', 'Chrome 115.0.0.0', 'Mozilla/5.0 (Macintosh; Intel Mac OS X 10_15_7) AppleWebKit/537.36 (KHTML, like Gecko) Chrome/115.0.0.0 Safari/537.36', 'Mac OS X', '2023-08-19 11:44:46'),
(29, 2, '{\"userId\":\"2\",\"role\":\"2\",\"roleText\":\"Ahli Biasa\",\"name\":\"Khairy Fahmy\",\"isLoggedIn\":true}', '202.133.98.188', 'Chrome 115.0.0.0', 'Mozilla/5.0 (Macintosh; Intel Mac OS X 10_15_7) AppleWebKit/537.36 (KHTML, like Gecko) Chrome/115.0.0.0 Safari/537.36', 'Mac OS X', '2023-08-19 11:46:02'),
(30, 2, '{\"role\":\"2\",\"roleText\":\"Ahli Biasa\",\"name\":\"Khairy Fahmy\"}', '202.133.98.188', 'Chrome 115.0.0.0', 'Mozilla/5.0 (Macintosh; Intel Mac OS X 10_15_7) AppleWebKit/537.36 (KHTML, like Gecko) Chrome/115.0.0.0 Safari/537.36', 'Mac OS X', '2023-08-19 11:48:18'),
(31, 0, '{\"role\":\"1\",\"roleText\":\"Pentadbir Sistem\",\"name\":\"demo\"}', '202.133.98.188', 'Chrome 115.0.0.0', 'Mozilla/5.0 (Macintosh; Intel Mac OS X 10_15_7) AppleWebKit/537.36 (KHTML, like Gecko) Chrome/115.0.0.0 Safari/537.36', 'Mac OS X', '2023-08-19 11:53:11'),
(32, 0, '{\"role\":\"1\",\"roleText\":\"Pentadbir Sistem\",\"name\":\"demo\"}', '27.125.241.67', 'Chrome 114.0.0.0', 'Mozilla/5.0 (Linux; Android 10; K) AppleWebKit/537.36 (KHTML, like Gecko) Chrome/114.0.0.0 Mobile Safari/537.36', 'Android', '2023-08-19 21:28:29'),
(33, 3, '{\"role\":\"2\",\"roleText\":\"Ahli Biasa\",\"name\":\"Amzari Bin Mohd Roslan\"}', '27.125.241.67', 'Chrome 114.0.0.0', 'Mozilla/5.0 (Linux; Android 10; K) AppleWebKit/537.36 (KHTML, like Gecko) Chrome/114.0.0.0 Mobile Safari/537.36', 'Android', '2023-08-19 21:31:21'),
(34, 0, '{\"role\":\"1\",\"roleText\":\"Pentadbir Sistem\",\"name\":\"demo\"}', '183.171.170.112', 'Chrome 115.0.0.0', 'Mozilla/5.0 (Macintosh; Intel Mac OS X 10_15_7) AppleWebKit/537.36 (KHTML, like Gecko) Chrome/115.0.0.0 Safari/537.36', 'Mac OS X', '2023-08-23 21:16:42'),
(35, 0, '{\"role\":\"1\",\"roleText\":\"Pentadbir Sistem\",\"name\":\"demo\"}', '183.171.170.112', 'Chrome 115.0.0.0', 'Mozilla/5.0 (Macintosh; Intel Mac OS X 10_15_7) AppleWebKit/537.36 (KHTML, like Gecko) Chrome/115.0.0.0 Safari/537.36', 'Mac OS X', '2023-08-23 21:25:02'),
(36, 0, '{\"role\":\"1\",\"roleText\":\"Pentadbir Sistem\",\"name\":\"demo\"}', '183.171.170.112', 'Chrome 115.0.0.0', 'Mozilla/5.0 (Macintosh; Intel Mac OS X 10_15_7) AppleWebKit/537.36 (KHTML, like Gecko) Chrome/115.0.0.0 Safari/537.36', 'Mac OS X', '2023-08-23 21:27:15'),
(37, 0, '{\"role\":\"1\",\"roleText\":\"Pentadbir Sistem\",\"name\":\"demo\"}', '183.171.170.112', 'Chrome 115.0.0.0', 'Mozilla/5.0 (Macintosh; Intel Mac OS X 10_15_7) AppleWebKit/537.36 (KHTML, like Gecko) Chrome/115.0.0.0 Safari/537.36', 'Mac OS X', '2023-08-23 21:28:55'),
(38, 0, '{\"role\":\"1\",\"roleText\":\"Pentadbir Sistem\",\"name\":\"demo\"}', '183.171.170.112', 'Chrome 115.0.0.0', 'Mozilla/5.0 (Macintosh; Intel Mac OS X 10_15_7) AppleWebKit/537.36 (KHTML, like Gecko) Chrome/115.0.0.0 Safari/537.36', 'Mac OS X', '2023-08-23 21:31:26'),
(39, 0, '{\"role\":\"1\",\"roleText\":\"Pentadbir Sistem\",\"name\":\"demo\"}', '103.49.25.2', 'Chrome 116.0.0.0', 'Mozilla/5.0 (Windows NT 10.0; Win64; x64) AppleWebKit/537.36 (KHTML, like Gecko) Chrome/116.0.0.0 Safari/537.36', 'Windows 10', '2023-08-28 11:41:23'),
(40, 0, '{\"role\":\"1\",\"roleText\":\"Pentadbir Sistem\",\"name\":\"demo\"}', '103.49.25.2', 'Chrome 116.0.0.0', 'Mozilla/5.0 (Windows NT 10.0; Win64; x64) AppleWebKit/537.36 (KHTML, like Gecko) Chrome/116.0.0.0 Safari/537.36', 'Windows 10', '2023-08-28 11:46:00'),
(41, 0, '{\"role\":\"1\",\"roleText\":\"Pentadbir Sistem\",\"name\":\"demo\"}', '103.49.25.2', 'Chrome 116.0.0.0', 'Mozilla/5.0 (Windows NT 10.0; Win64; x64) AppleWebKit/537.36 (KHTML, like Gecko) Chrome/116.0.0.0 Safari/537.36', 'Windows 10', '2023-08-29 11:09:15'),
(42, 0, '{\"role\":\"1\",\"roleText\":\"Pentadbir Sistem\",\"name\":\"demo\"}', '103.49.25.2', 'Chrome 116.0.0.0', 'Mozilla/5.0 (Windows NT 10.0; Win64; x64) AppleWebKit/537.36 (KHTML, like Gecko) Chrome/116.0.0.0 Safari/537.36', 'Windows 10', '2023-08-29 13:00:05'),
(43, 0, '{\"role\":\"1\",\"roleText\":\"Pentadbir Sistem\",\"name\":\"demo\"}', '103.49.25.2', 'Chrome 116.0.0.0', 'Mozilla/5.0 (Windows NT 10.0; Win64; x64) AppleWebKit/537.36 (KHTML, like Gecko) Chrome/116.0.0.0 Safari/537.36', 'Windows 10', '2023-08-30 09:36:29'),
(44, 0, '{\"role\":\"1\",\"roleText\":\"Pentadbir Sistem\",\"name\":\"demo\"}', '219.92.40.123', 'Chrome 115.0.0.0', 'Mozilla/5.0 (Linux; Android 10; K) AppleWebKit/537.36 (KHTML, like Gecko) Chrome/115.0.0.0 Mobile Safari/537.36', 'Android', '2023-09-02 10:50:24'),
(45, 0, '{\"role\":\"1\",\"roleText\":\"Pentadbir Sistem\",\"name\":\"demo\"}', '103.49.25.2', 'Chrome 116.0.0.0', 'Mozilla/5.0 (Windows NT 10.0; Win64; x64) AppleWebKit/537.36 (KHTML, like Gecko) Chrome/116.0.0.0 Safari/537.36', 'Windows 10', '2023-09-06 09:58:05'),
(46, 0, '{\"role\":\"1\",\"roleText\":\"Pentadbir Sistem\",\"name\":\"demo\"}', '103.49.25.2', 'Chrome 116.0.0.0', 'Mozilla/5.0 (Windows NT 10.0; Win64; x64) AppleWebKit/537.36 (KHTML, like Gecko) Chrome/116.0.0.0 Safari/537.36', 'Windows 10', '2023-09-07 11:12:22'),
(47, 0, '{\"role\":\"1\",\"roleText\":\"Pentadbir Sistem\",\"name\":\"demo\"}', '180.72.72.207', 'Chrome 107.0.0.0', 'Mozilla/5.0 (Linux; Android 11; RMX2086) AppleWebKit/537.36 (KHTML, like Gecko) Chrome/107.0.0.0 Mobile Safari/537.36', 'Android', '2023-09-07 17:44:17'),
(48, 0, '{\"role\":\"1\",\"roleText\":\"Pentadbir Sistem\",\"name\":\"demo\"}', '103.49.25.2', 'Chrome 116.0.0.0', 'Mozilla/5.0 (Windows NT 10.0; Win64; x64) AppleWebKit/537.36 (KHTML, like Gecko) Chrome/116.0.0.0 Safari/537.36', 'Windows 10', '2023-09-11 09:09:07'),
(49, 0, '{\"role\":\"1\",\"roleText\":\"Pentadbir Sistem\",\"name\":\"demo\"}', '103.49.25.2', 'Chrome 116.0.0.0', 'Mozilla/5.0 (Windows NT 10.0; Win64; x64) AppleWebKit/537.36 (KHTML, like Gecko) Chrome/116.0.0.0 Safari/537.36', 'Windows 10', '2023-09-13 15:39:38'),
(50, 0, '{\"role\":\"1\",\"roleText\":\"Pentadbir Sistem\",\"name\":\"demo\"}', '103.49.25.2', 'Chrome 116.0.0.0', 'Mozilla/5.0 (Windows NT 10.0; Win64; x64) AppleWebKit/537.36 (KHTML, like Gecko) Chrome/116.0.0.0 Safari/537.36', 'Windows 10', '2023-09-15 12:13:28');

-- --------------------------------------------------------

--
-- Table structure for table `tbl_reg_family`
--

CREATE TABLE `tbl_reg_family` (
  `f_id` int(11) NOT NULL,
  `regId` varchar(50) NOT NULL,
  `f_name` varchar(100) NOT NULL,
  `f_icno` varchar(20) NOT NULL DEFAULT '0',
  `yf_id` tinyint(4) NOT NULL,
  `f_pertalian` varchar(100) DEFAULT NULL,
  `f_catatan` varchar(200) DEFAULT NULL
) ENGINE=InnoDB DEFAULT CHARSET=latin1;

-- --------------------------------------------------------

--
-- Table structure for table `tbl_reg_users`
--

CREATE TABLE `tbl_reg_users` (
  `r_id` int(11) NOT NULL,
  `regId` varchar(50) NOT NULL,
  `email` varchar(128) DEFAULT NULL COMMENT 'login email',
  `name` varchar(128) NOT NULL COMMENT 'full name of user',
  `phone` varchar(11) NOT NULL DEFAULT '0000000000',
  `icno` varchar(14) NOT NULL DEFAULT '000000000000',
  `address` varchar(250) NOT NULL,
  `surau` tinyint(4) NOT NULL DEFAULT '0',
  `pakej` enum('Keluarga','Bujang') NOT NULL DEFAULT 'Bujang',
  `regdate` date NOT NULL DEFAULT '0000-00-00',
  `roleId` tinyint(4) NOT NULL,
  `ahli_khairat` enum('Y','N') NOT NULL DEFAULT 'N'
) ENGINE=MyISAM DEFAULT CHARSET=utf8;

-- --------------------------------------------------------

--
-- Table structure for table `tbl_reset_password`
--

CREATE TABLE `tbl_reset_password` (
  `id` bigint(20) NOT NULL,
  `email` varchar(128) NOT NULL,
  `activation_id` varchar(32) NOT NULL,
  `agent` varchar(512) NOT NULL,
  `client_ip` varchar(32) NOT NULL,
  `isDeleted` tinyint(4) NOT NULL DEFAULT '0',
  `createdBy` bigint(20) NOT NULL DEFAULT '1',
  `createdDtm` datetime NOT NULL,
  `updatedBy` bigint(20) DEFAULT NULL,
  `updatedDtm` datetime DEFAULT NULL
) ENGINE=InnoDB DEFAULT CHARSET=latin1;

-- --------------------------------------------------------

--
-- Table structure for table `tbl_roles`
--

CREATE TABLE `tbl_roles` (
  `roleId` tinyint(4) NOT NULL COMMENT 'role id',
  `role` varchar(50) NOT NULL COMMENT 'role text'
) ENGINE=MyISAM DEFAULT CHARSET=utf8;

--
-- Dumping data for table `tbl_roles`
--

INSERT INTO `tbl_roles` (`roleId`, `role`) VALUES
(1, 'Pentadbir Sistem'),
(2, 'Ahli Biasa');

-- --------------------------------------------------------

--
-- Table structure for table `tbl_users`
--

CREATE TABLE `tbl_users` (
  `userId` int(11) NOT NULL,
  `noAhli` varchar(11) DEFAULT NULL,
  `email` varchar(128) NOT NULL COMMENT 'login email',
  `password` varchar(128) NOT NULL COMMENT 'hashed login password',
  `name` varchar(128) NOT NULL COMMENT 'full name of user',
  `phone` varchar(20) NOT NULL DEFAULT '000-0000000',
  `icno` varchar(14) NOT NULL DEFAULT '000000000000',
  `address` varchar(250) DEFAULT NULL,
  `surau` tinyint(4) NOT NULL DEFAULT '0',
  `pakej` enum('Keluarga','Bujang') DEFAULT 'Bujang',
  `Alamat` varchar(100) DEFAULT NULL,
  `Poskod` varchar(100) DEFAULT NULL,
  `Bandar` varchar(20) DEFAULT NULL,
  `regdate` varchar(20) NOT NULL,
  `roleId` tinyint(4) NOT NULL,
  `status` enum('Aktif','Tidak Aktif') NOT NULL DEFAULT 'Aktif',
  `catatan` text,
  `isDeleted` tinyint(4) NOT NULL DEFAULT '0',
  `createdBy` int(11) NOT NULL,
  `createdDtm` datetime NOT NULL,
  `updatedBy` int(11) DEFAULT NULL,
  `updatedDtm` datetime DEFAULT NULL,
  `deathDtm` date DEFAULT NULL,
  `ahli_khairat` enum('Y','N') NOT NULL DEFAULT 'N'
) ENGINE=MyISAM DEFAULT CHARSET=utf8;

--
-- Dumping data for table `tbl_users`
--

INSERT INTO `tbl_users` (`userId`, `noAhli`, `email`, `password`, `name`, `phone`, `icno`, `address`, `surau`, `pakej`, `Alamat`, `Poskod`, `Bandar`, `regdate`, `roleId`, `status`, `catatan`, `isDeleted`, `createdBy`, `createdDtm`, `updatedBy`, `updatedDtm`, `deathDtm`, `ahli_khairat`) VALUES
(0, '0', 'demo@e-khairat.com', '$2y$10$u4/g8yexTTsqbnH/HE9PsuUGkg48bWvQTtWeKFHjSL7LUumANpyKW', 'demo', '0193174454 ', '200023012001', 'MASJID DEMO', 0, NULL, NULL, NULL, NULL, '2023-06-01', 1, 'Aktif', '', 0, 0, '2023-06-01 09:41:58', 0, '2023-06-28 10:45:02', NULL, 'N'),
(1, 'DEMO-0001', 'hasyamanan@gmail.com', '$2y$10$Jr1fnYRyl4Vs1Ym/WQEjQ.M64pgMASOtWM1uhxd9.HazjxDaP5rmC', 'Hasya', '0148104207', '970208295088', 'lot 547, cheras, batu 9', 1, 'Bujang', NULL, NULL, NULL, '2023-07-11', 2, 'Aktif', NULL, 0, 0, '2023-07-11 19:21:14', 0, '2023-07-11 19:21:19', NULL, 'Y'),
(2, 'DEMO-0002', 'amtez1@gmail.com', '$2y$10$LKrC8puvrS0pgFmB45C0HOvrLqhAdlyyBh0MiBcAaRiNST.saIquu', 'Khairy Fahmy', '0139080721', '880411085631', '01-02', 2, 'Keluarga', NULL, NULL, NULL, '2023-07-12', 2, 'Aktif', NULL, 0, 0, '2023-07-12 00:52:14', 0, '2023-07-12 00:52:19', NULL, 'Y'),
(3, 'DEMO-0003', 'amtez1@gmail.com', '$2y$10$xqGZ8FwQUyLpm6JGLtRvj.K6XkAZlUNh2nptNlzzxq8RZYiMak8wK', 'Amzari Bin Mohd Roslan', '0139080771', '850611098765', '5 JALAN PRESINT A2/1, PRESINT 2, PUTRAJAYA', 2, 'Keluarga', NULL, NULL, NULL, '2023-08-06', 2, 'Aktif', '', 0, 0, '2023-08-06 01:51:17', 0, '2023-08-16 22:35:16', NULL, 'Y');

-- --------------------------------------------------------

--
-- Table structure for table `tbl_users_doc`
--

CREATE TABLE `tbl_users_doc` (
  `doc_id` int(11) NOT NULL,
  `userid` int(11) NOT NULL,
  `doc_title` varchar(150) NOT NULL,
  `attachment` varchar(200) DEFAULT 'default.jpg',
  `createDtm` datetime DEFAULT NULL,
  `createBy` int(11) NOT NULL DEFAULT '0'
) ENGINE=InnoDB DEFAULT CHARSET=latin1;

--
-- Dumping data for table `tbl_users_doc`
--

INSERT INTO `tbl_users_doc` (`doc_id`, `userid`, `doc_title`, `attachment`, `createDtm`, `createBy`) VALUES
(1, 3, 'SIJIL KELAHIRAN', '0003_1.pdf', '2023-08-06 02:11:24', 3);

-- --------------------------------------------------------

--
-- Table structure for table `tbl_users_family`
--

CREATE TABLE `tbl_users_family` (
  `f_id` int(11) NOT NULL,
  `userid` int(11) NOT NULL,
  `f_name` varchar(100) NOT NULL,
  `f_icno` varchar(20) NOT NULL DEFAULT '0',
  `f_phone` varchar(100) DEFAULT NULL,
  `f_jantina` enum('Lelaki','Perempuan') NOT NULL,
  `f_pertalian` varchar(100) DEFAULT NULL,
  `f_pasangan` enum('Y','N') NOT NULL DEFAULT 'N',
  `createDtm` datetime DEFAULT NULL,
  `deathStatus` enum('Y','N') NOT NULL DEFAULT 'N',
  `deathDtm` date DEFAULT NULL,
  `approval` enum('Y','N') NOT NULL DEFAULT 'N'
) ENGINE=InnoDB DEFAULT CHARSET=latin1;

--
-- Dumping data for table `tbl_users_family`
--

INSERT INTO `tbl_users_family` (`f_id`, `userid`, `f_name`, `f_icno`, `f_phone`, `f_jantina`, `f_pertalian`, `f_pasangan`, `createDtm`, `deathStatus`, `deathDtm`, `approval`) VALUES
(1, 3, 'ALIZA BINTI AZIZ', '820907118976', NULL, 'Lelaki', 'PASANGAN', 'Y', '2023-08-06 01:51:19', 'N', NULL, 'Y'),
(2, 3, 'Anis Binti Amzari', '101109115649', '-', 'Lelaki', 'ANAK', 'N', '2023-08-06 02:10:34', 'N', NULL, 'N');

-- --------------------------------------------------------

--
-- Table structure for table `tbl_users_tags`
--

CREATE TABLE `tbl_users_tags` (
  `tut_id` int(11) NOT NULL,
  `userid` int(11) NOT NULL,
  `tags_id` int(11) NOT NULL
) ENGINE=InnoDB DEFAULT CHARSET=utf8mb4;

-- --------------------------------------------------------

--
-- Table structure for table `wa_callmebot`
--

CREATE TABLE `wa_callmebot` (
  `wa_id` int(11) NOT NULL,
  `wa_host` varchar(50) NOT NULL DEFAULT '601113000403',
  `wa_apikey` varchar(50) NOT NULL DEFAULT '0',
  `wa_url` varchar(255) NOT NULL DEFAULT 'https://api.callmebot.com/whatsapp.php?',
  `wa_client` varchar(100) NOT NULL,
  `wa_phone` varchar(50) NOT NULL DEFAULT '0',
  `wa_admin` enum('Y','N') NOT NULL DEFAULT 'N',
  `remarks` varchar(100) DEFAULT NULL
) ENGINE=InnoDB DEFAULT CHARSET=utf8mb4;

--
-- Dumping data for table `wa_callmebot`
--

INSERT INTO `wa_callmebot` (`wa_id`, `wa_host`, `wa_apikey`, `wa_url`, `wa_client`, `wa_phone`, `wa_admin`, `remarks`) VALUES
(1, '+601113000403', '2955648', 'https://api.callmebot.com/whatsapp.php?', 'MASJID DEMO', '0139080721', 'N', 'not in use'),
(2, '+601113000403', 'tsraHfkqAAx5', 'https://api.textmebot.com/send.php?', 'MASJID DEMO', '0169136456', 'Y', 'notify System Admin when new member registered'),
(3, '+601113000403', 'tsraHfkqAAx5', 'https://api.textmebot.com/send.php?', 'MASJID DEMO', '0139080721', 'N', 'notify Amri Creative when payment made by System Admin to topup SMS Credit'),
(4, '+601113000403', 'tsraHfkqAAx5', 'https://api.textmebot.com/send.php?', 'MASJID DEMO', '0139080721', 'Y', 'notify System Admin when new member registered');

-- --------------------------------------------------------

--
-- Table structure for table `whatsapp_message`
--

CREATE TABLE `whatsapp_message` (
  `wm_id` int(11) NOT NULL,
  `userid` int(11) NOT NULL,
  `phone` varchar(20) NOT NULL,
  `messageid` varchar(20) NOT NULL,
  `message` text NOT NULL,
  `createDtm` datetime NOT NULL DEFAULT CURRENT_TIMESTAMP,
  `createdBy` int(11) NOT NULL DEFAULT '0'
) ENGINE=InnoDB DEFAULT CHARSET=utf8mb4;

--
-- Dumping data for table `whatsapp_message`
--

INSERT INTO `whatsapp_message` (`wm_id`, `userid`, `phone`, `messageid`, `message`, `createDtm`, `createdBy`) VALUES
(1, 0, '0148104207', '200', '\nRecipient\'s Phone number: <b>+60148104207</b><br>Sender\'s phone number: <b>+601113000403</b><br>API version: <b>2.0</b><br>Sending message...<br>Result: <b>Success!</b>*MASJID DEMO*. 06-08-2023 01:31:46 AM - Permohonan ahli baru *AMZARI BIN MOHD ROSLAN*(0199080771) telah diterima. Terima Kasih', '2023-08-06 01:31:47', 0),
(2, 0, '0148104207', '200', '\nRecipient\'s Phone number: <b>+60148104207</b><br>Sender\'s phone number: <b>+601113000403</b><br>API version: <b>2.0</b><br>Sending message...<br>Result: <b>Success!</b>*MASJID DEMO*. 06-08-2023 01:38:41 AM - Permohonan ahli baru *AMZARI BIN MOHD ROSLAN*(0139080771) telah diterima. Terima Kasih', '2023-08-06 01:38:42', 0),
(3, 0, '0169136456', '200', '\nRecipient\'s Phone number: <b>+60169136456</b><br>Sender\'s phone number: <b>+601113000403</b><br>API version: <b>2.0</b><br>Sending message...<br>Result: <b>Success!</b>*MASJID DEMO*. 23-08-2023 09:29:45 PM - Permohonan ahli baru *AZAM BIN ABU*(0199331252) telah diterima. Terima Kasih', '2023-08-23 21:29:47', 0);

-- --------------------------------------------------------

--
-- Structure for view `registration_statistics`
--
DROP TABLE IF EXISTS `registration_statistics`;

CREATE ALGORITHM=UNDEFINED DEFINER=`ekhaira2`@`localhost` SQL SECURITY DEFINER VIEW `registration_statistics`  AS SELECT `a`.`name` AS `namAhli`, `a`.`icno` AS `icno`, `b`.`name` AS `name`, `b`.`desc` AS `desc` FROM (`tbl_users` `a` join `surau` `b` on((`a`.`surau` = `b`.`id`))) WHERE (`a`.`userId` <> 0) ;

--
-- Indexes for dumped tables
--

--
-- Indexes for table `account_payment`
--
ALTER TABLE `account_payment`
  ADD PRIMARY KEY (`acc_id`);

--
-- Indexes for table `ci_sessions`
--
ALTER TABLE `ci_sessions`
  ADD KEY `ci_sessions_timestamp` (`timestamp`);

--
-- Indexes for table `delete_khairat`
--
ALTER TABLE `delete_khairat`
  ADD PRIMARY KEY (`k_id`);

--
-- Indexes for table `delete_payment`
--
ALTER TABLE `delete_payment`
  ADD PRIMARY KEY (`p_id`);

--
-- Indexes for table `delete_payment_details`
--
ALTER TABLE `delete_payment_details`
  ADD PRIMARY KEY (`pf_id`);

--
-- Indexes for table `delete_tbl_users`
--
ALTER TABLE `delete_tbl_users`
  ADD PRIMARY KEY (`userId`);

--
-- Indexes for table `delete_tbl_users_doc`
--
ALTER TABLE `delete_tbl_users_doc`
  ADD PRIMARY KEY (`doc_id`);

--
-- Indexes for table `delete_tbl_users_family`
--
ALTER TABLE `delete_tbl_users_family`
  ADD PRIMARY KEY (`f_id`);

--
-- Indexes for table `feedback`
--
ALTER TABLE `feedback`
  ADD PRIMARY KEY (`fb_id`);

--
-- Indexes for table `general`
--
ALTER TABLE `general`
  ADD PRIMARY KEY (`g_id`);

--
-- Indexes for table `khairat`
--
ALTER TABLE `khairat`
  ADD PRIMARY KEY (`k_id`);

--
-- Indexes for table `log_check`
--
ALTER TABLE `log_check`
  ADD PRIMARY KEY (`log_id`);

--
-- Indexes for table `news`
--
ALTER TABLE `news`
  ADD PRIMARY KEY (`news_id`);

--
-- Indexes for table `payment`
--
ALTER TABLE `payment`
  ADD PRIMARY KEY (`p_id`);

--
-- Indexes for table `payment_details`
--
ALTER TABLE `payment_details`
  ADD PRIMARY KEY (`pf_id`);

--
-- Indexes for table `payment_gateway`
--
ALTER TABLE `payment_gateway`
  ADD PRIMARY KEY (`pg_id`);

--
-- Indexes for table `sms_ewallet`
--
ALTER TABLE `sms_ewallet`
  ADD PRIMARY KEY (`ew_id`);

--
-- Indexes for table `sms_gateway`
--
ALTER TABLE `sms_gateway`
  ADD PRIMARY KEY (`sg_id`);

--
-- Indexes for table `sms_log`
--
ALTER TABLE `sms_log`
  ADD PRIMARY KEY (`sms_id`);

--
-- Indexes for table `sms_payment`
--
ALTER TABLE `sms_payment`
  ADD PRIMARY KEY (`smsp_id`);

--
-- Indexes for table `surau`
--
ALTER TABLE `surau`
  ADD PRIMARY KEY (`id`);

--
-- Indexes for table `tags`
--
ALTER TABLE `tags`
  ADD PRIMARY KEY (`id`);

--
-- Indexes for table `tbl_apply_family`
--
ALTER TABLE `tbl_apply_family`
  ADD PRIMARY KEY (`f_id`);

--
-- Indexes for table `tbl_apply_users`
--
ALTER TABLE `tbl_apply_users`
  ADD PRIMARY KEY (`userId`);

--
-- Indexes for table `tbl_kadar_yuran`
--
ALTER TABLE `tbl_kadar_yuran`
  ADD PRIMARY KEY (`yid`);

--
-- Indexes for table `tbl_kadar_yuran_family`
--
ALTER TABLE `tbl_kadar_yuran_family`
  ADD PRIMARY KEY (`yf_id`);

--
-- Indexes for table `tbl_last_login`
--
ALTER TABLE `tbl_last_login`
  ADD PRIMARY KEY (`id`);

--
-- Indexes for table `tbl_reg_family`
--
ALTER TABLE `tbl_reg_family`
  ADD PRIMARY KEY (`f_id`);

--
-- Indexes for table `tbl_reg_users`
--
ALTER TABLE `tbl_reg_users`
  ADD PRIMARY KEY (`r_id`);

--
-- Indexes for table `tbl_reset_password`
--
ALTER TABLE `tbl_reset_password`
  ADD PRIMARY KEY (`id`);

--
-- Indexes for table `tbl_roles`
--
ALTER TABLE `tbl_roles`
  ADD PRIMARY KEY (`roleId`);

--
-- Indexes for table `tbl_users`
--
ALTER TABLE `tbl_users`
  ADD PRIMARY KEY (`userId`);

--
-- Indexes for table `tbl_users_doc`
--
ALTER TABLE `tbl_users_doc`
  ADD PRIMARY KEY (`doc_id`);

--
-- Indexes for table `tbl_users_family`
--
ALTER TABLE `tbl_users_family`
  ADD PRIMARY KEY (`f_id`);

--
-- Indexes for table `tbl_users_tags`
--
ALTER TABLE `tbl_users_tags`
  ADD PRIMARY KEY (`tut_id`);

--
-- Indexes for table `wa_callmebot`
--
ALTER TABLE `wa_callmebot`
  ADD PRIMARY KEY (`wa_id`);

--
-- Indexes for table `whatsapp_message`
--
ALTER TABLE `whatsapp_message`
  ADD PRIMARY KEY (`wm_id`);

--
-- AUTO_INCREMENT for dumped tables
--

--
-- AUTO_INCREMENT for table `account_payment`
--
ALTER TABLE `account_payment`
  MODIFY `acc_id` int(11) NOT NULL AUTO_INCREMENT;

--
-- AUTO_INCREMENT for table `feedback`
--
ALTER TABLE `feedback`
  MODIFY `fb_id` int(11) NOT NULL AUTO_INCREMENT;

--
-- AUTO_INCREMENT for table `general`
--
ALTER TABLE `general`
  MODIFY `g_id` tinyint(4) NOT NULL AUTO_INCREMENT, AUTO_INCREMENT=2;

--
-- AUTO_INCREMENT for table `khairat`
--
ALTER TABLE `khairat`
  MODIFY `k_id` int(11) NOT NULL AUTO_INCREMENT, AUTO_INCREMENT=2;

--
-- AUTO_INCREMENT for table `log_check`
--
ALTER TABLE `log_check`
  MODIFY `log_id` int(11) NOT NULL AUTO_INCREMENT, AUTO_INCREMENT=20;

--
-- AUTO_INCREMENT for table `news`
--
ALTER TABLE `news`
  MODIFY `news_id` int(5) NOT NULL AUTO_INCREMENT, AUTO_INCREMENT=5;

--
-- AUTO_INCREMENT for table `payment`
--
ALTER TABLE `payment`
  MODIFY `p_id` int(11) NOT NULL AUTO_INCREMENT, AUTO_INCREMENT=8;

--
-- AUTO_INCREMENT for table `payment_details`
--
ALTER TABLE `payment_details`
  MODIFY `pf_id` int(11) NOT NULL AUTO_INCREMENT, AUTO_INCREMENT=7;

--
-- AUTO_INCREMENT for table `payment_gateway`
--
ALTER TABLE `payment_gateway`
  MODIFY `pg_id` int(11) NOT NULL AUTO_INCREMENT, AUTO_INCREMENT=4;

--
-- AUTO_INCREMENT for table `sms_ewallet`
--
ALTER TABLE `sms_ewallet`
  MODIFY `ew_id` int(11) NOT NULL AUTO_INCREMENT, AUTO_INCREMENT=3;

--
-- AUTO_INCREMENT for table `sms_gateway`
--
ALTER TABLE `sms_gateway`
  MODIFY `sg_id` int(11) NOT NULL AUTO_INCREMENT, AUTO_INCREMENT=2;

--
-- AUTO_INCREMENT for table `sms_log`
--
ALTER TABLE `sms_log`
  MODIFY `sms_id` int(11) NOT NULL AUTO_INCREMENT, AUTO_INCREMENT=2;

--
-- AUTO_INCREMENT for table `sms_payment`
--
ALTER TABLE `sms_payment`
  MODIFY `smsp_id` int(11) NOT NULL AUTO_INCREMENT;

--
-- AUTO_INCREMENT for table `surau`
--
ALTER TABLE `surau`
  MODIFY `id` tinyint(4) NOT NULL AUTO_INCREMENT, AUTO_INCREMENT=4;

--
-- AUTO_INCREMENT for table `tags`
--
ALTER TABLE `tags`
  MODIFY `id` tinyint(4) NOT NULL AUTO_INCREMENT, AUTO_INCREMENT=4;

--
-- AUTO_INCREMENT for table `tbl_apply_family`
--
ALTER TABLE `tbl_apply_family`
  MODIFY `f_id` int(11) NOT NULL AUTO_INCREMENT, AUTO_INCREMENT=5;

--
-- AUTO_INCREMENT for table `tbl_apply_users`
--
ALTER TABLE `tbl_apply_users`
  MODIFY `userId` int(11) NOT NULL AUTO_INCREMENT, AUTO_INCREMENT=7;

--
-- AUTO_INCREMENT for table `tbl_kadar_yuran`
--
ALTER TABLE `tbl_kadar_yuran`
  MODIFY `yid` int(11) NOT NULL AUTO_INCREMENT, AUTO_INCREMENT=7;

--
-- AUTO_INCREMENT for table `tbl_kadar_yuran_family`
--
ALTER TABLE `tbl_kadar_yuran_family`
  MODIFY `yf_id` tinyint(4) NOT NULL AUTO_INCREMENT, AUTO_INCREMENT=7;

--
-- AUTO_INCREMENT for table `tbl_last_login`
--
ALTER TABLE `tbl_last_login`
  MODIFY `id` bigint(20) NOT NULL AUTO_INCREMENT, AUTO_INCREMENT=51;

--
-- AUTO_INCREMENT for table `tbl_reg_family`
--
ALTER TABLE `tbl_reg_family`
  MODIFY `f_id` int(11) NOT NULL AUTO_INCREMENT, AUTO_INCREMENT=2;

--
-- AUTO_INCREMENT for table `tbl_reg_users`
--
ALTER TABLE `tbl_reg_users`
  MODIFY `r_id` int(11) NOT NULL AUTO_INCREMENT, AUTO_INCREMENT=7;

--
-- AUTO_INCREMENT for table `tbl_reset_password`
--
ALTER TABLE `tbl_reset_password`
  MODIFY `id` bigint(20) NOT NULL AUTO_INCREMENT;

--
-- AUTO_INCREMENT for table `tbl_roles`
--
ALTER TABLE `tbl_roles`
  MODIFY `roleId` tinyint(4) NOT NULL AUTO_INCREMENT COMMENT 'role id', AUTO_INCREMENT=3;

--
-- AUTO_INCREMENT for table `tbl_users`
--
ALTER TABLE `tbl_users`
  MODIFY `userId` int(11) NOT NULL AUTO_INCREMENT, AUTO_INCREMENT=4;

--
-- AUTO_INCREMENT for table `tbl_users_doc`
--
ALTER TABLE `tbl_users_doc`
  MODIFY `doc_id` int(11) NOT NULL AUTO_INCREMENT, AUTO_INCREMENT=2;

--
-- AUTO_INCREMENT for table `tbl_users_family`
--
ALTER TABLE `tbl_users_family`
  MODIFY `f_id` int(11) NOT NULL AUTO_INCREMENT, AUTO_INCREMENT=3;

--
-- AUTO_INCREMENT for table `tbl_users_tags`
--
ALTER TABLE `tbl_users_tags`
  MODIFY `tut_id` int(11) NOT NULL AUTO_INCREMENT;

--
-- AUTO_INCREMENT for table `wa_callmebot`
--
ALTER TABLE `wa_callmebot`
  MODIFY `wa_id` int(11) NOT NULL AUTO_INCREMENT, AUTO_INCREMENT=5;

--
-- AUTO_INCREMENT for table `whatsapp_message`
--
ALTER TABLE `whatsapp_message`
  MODIFY `wm_id` int(11) NOT NULL AUTO_INCREMENT, AUTO_INCREMENT=4;
COMMIT;

/*!40101 SET CHARACTER_SET_CLIENT=@OLD_CHARACTER_SET_CLIENT */;
/*!40101 SET CHARACTER_SET_RESULTS=@OLD_CHARACTER_SET_RESULTS */;
/*!40101 SET COLLATION_CONNECTION=@OLD_COLLATION_CONNECTION */;
